Workbook

Sheet Sheet1
A1: id | B1: gender | C1: age | D1: type | E1: location1 | F1: location2 | G1: dateexpose1 | H1: dateexpose2 | I1: dateonset | J1: datepositive | K1: datereport | L1: vaccine | M1: vaccine_type | N1: vaccinelastdate | O1: Throat_O | P1: Throat_N
A2: 9 | B2: Female | C2: 65 | D2: Asymptomatic | E2: 益阳 | F2: 赫山区 | G2: 44400 | H2: 44400 | I2: 44406 | J2: 44406 | K2: 44406 | L2: 1 | N2: 44405 | O2: =VLOOKUP(A2,Sheet2!C10:F144,4,FALSE) -> 23.61 | P2: =VLOOKUP(A2,Sheet2!C10:F144,4,FALSE) -> 23.61
A3: 17 | B3: Female | C3: 36 | D3: Moderate | E3: 张家界 | F3: 永定区 | G3: 44401 | H3: 44401 | I3: 44406 | J3: 44407 | K3: 44407 | L3: 1 | N3: 44405 | O3: =VLOOKUP(A3,Sheet2!C18:F152,4,FALSE) -> 21 | P3: =VLOOKUP(A3,Sheet2!C18:F152,4,FALSE) -> 21
A4: 40 | B4: Female | C4: 34 | D4: Asymptomatic | E4: 长沙 | F4: 天心区 | G4: 44402 | H4: 44402 | I4: 44409 | J4: 44409 | K4: 44409 | L4: 1 | M4: Sinovac | N4: 44404
A5: 47 | B5: Female | C5: 59 | D5: Moderate | E5: 湘潭 | F5: 雨湖区 | G5: 44401 | H5: 44401 | I5: 44407 | J5: 44410 | K5: 44410 | L5: 1 | M5: Sinovac | N5: 44403
A6: 3 | B6: Female | C6: 38 | D6: Moderate | E6: 张家界 | F6: 永定区 | G6: 44399 | H6: 44399 | I6: 44399 | J6: 44406 | K6: 44406 | L6: 1 | M6: Combind | N6: 44399
A7: 83 | B7: Female | C7: 28 | D7: Moderate | E7: 张家界 | F7: 永定区 | G7: 44405 | H7: 44405 | I7: 44410 | J7: 44413 | K7: 44413 | L7: 0 | M7: Sinopharm | N7: 44405 | O7: =VLOOKUP(A7,Sheet2!C84:F218,4,FALSE) -> 19.07 | P7: =VLOOKUP(A7,Sheet2!C84:F218,4,FALSE) -> 19.07
A8: 94 | B8: Female | C8: 39 | D8: Moderate | E8: 张家界 | F8: 永定区 | I8: 44415 | J8: 44416 | K8: 44416 | L8: 0 | M8: Sinovac | N8: 44404 | O8: =VLOOKUP(A8,Sheet2!C95:F229,4,FALSE) -> 25.58 | P8: =VLOOKUP(A8,Sheet2!C95:F229,4,FALSE) -> 25.58
A9: 73 | B9: Female | C9: 47 | D9: Mild | E9: 株洲 | F9: 荷塘区 | G9: 44404 | H9: 44404 | I9: 44412 | J9: 44412 | K9: 44412 | L9: 1 | M9: Sinovac | N9: 44399 | O9: =VLOOKUP(A9,Sheet2!C74:F208,4,FALSE) -> 29.2 | P9: =VLOOKUP(A9,Sheet2!C74:F208,4,FALSE) -> 29.2
A10: 118 | B10: Female | C10: 22 | D10: Moderate | E10: 张家界 | F10: 永定区 | I10: 44419 | J10: 44419 | K10: 44419 | L10: 1 | M10: Sinovac | N10: 44405 | O10: =VLOOKUP(A10,Sheet2!C119:F253,4,FALSE) -> 25.07 | P10: =VLOOKUP(A10,Sheet2!C119:F253,4,FALSE) -> 25.07
A11: 120 | B11: Male | C11: 59 | D11: Moderate | E11: 张家界 | F11: 永定区 | I11: 44419 | J11: 44419 | K11: 44419 | L11: 1 | M11: Sinovac | N11: 44405 | O11: =VLOOKUP(A11,Sheet2!C121:F255,4,FALSE) -> 16.74 | P11: =VLOOKUP(A11,Sheet2!C121:F255,4,FALSE) -> 16.74
A12: 54 | B12: Male | C12: 53 | D12: Asymptomatic | E12: 益阳 | F12: 赫山区 | G12: 44401 | H12: 44401 | I12: 44410 | J12: 44411 | K12: 44411 | L12: 2 | M12: Zhifei | N12: 44397 | O12: =VLOOKUP(A12,Sheet2!C55:F189,4,FALSE) -> 32.03 | P12: =VLOOKUP(A12,Sheet2!C55:F189,4,FALSE) -> 32.03
A13: 11 | B13: Female | C13: 29 | D13: Mild | E13: 株洲 | F13: 石峰区 | G13: 44401 | H13: 44401 | I13: 44407 | J13: 44407 | K13: 44407 | L13: 1 | M13: Sinopharm | N13: 44392 | O13: =VLOOKUP(A13,Sheet2!C12:F146,4,FALSE) -> 37.1 | P13: =VLOOKUP(A13,Sheet2!C12:F146,4,FALSE) -> 37.1
A14: 12 | B14: Female | C14: 40 | D14: Moderate | E14: 湘潭 | F14: 雨湖区 | G14: 44401 | H14: 44401 | I14: 44406 | J14: 44407 | K14: 44407 | L14: 1 | M14: Sinovac | N14: 44390
A15: 107 | B15: Female | C15: 47 | D15: Moderate | E15: 张家界 | F15: 永定区 | I15: 44417 | J15: 44417 | K15: 44417 | L15: 2 | M15: Sinovac | N15: 44399 | O15: =VLOOKUP(A15,Sheet2!C108:F242,4,FALSE) -> 28.41 | P15: =VLOOKUP(A15,Sheet2!C108:F242,4,FALSE) -> 28.41
A16: 69 | B16: Male | C16: 44 | D16: Moderate | E16: 株洲 | F16: 石峰区 | G16: 44405 | H16: 44405 | I16: 44411 | J16: 44412 | K16: 44412 | L16: 1 | M16: Sinopharm | N16: 44394 | O16: =VLOOKUP(A16,Sheet2!C70:F204,4,FALSE) -> 28.1 | P16: =VLOOKUP(A16,Sheet2!C70:F204,4,FALSE) -> 28.1
A17: 46 | B17: Male | C17: 18 | D17: Mild | E17: 株洲 | F17: 荷塘区 | G17: 44405 | H17: 44405 | I17: 44409 | J17: 44409 | K17: 44409 | L17: 0 | N17: 44390 | O17: =VLOOKUP(A17,Sheet2!C47:F181,4,FALSE) -> 31.2 | P17: =VLOOKUP(A17,Sheet2!C47:F181,4,FALSE) -> 31.2
A18: 67 | B18: Male | C18: 31 | D18: Moderate | E18: 株洲 | F18: 石峰区 | G18: 44402 | H18: 44402 | I18: 44411 | J18: 44412 | K18: 44412 | L18: 1 | M18: Sinovac | N18: 44392 | O18: =VLOOKUP(A18,Sheet2!C68:F202,4,FALSE) -> 36.8 | P18: =VLOOKUP(A18,Sheet2!C68:F202,4,FALSE) -> 36.8
A19: 79 | B19: Female | C19: 58 | D19: Moderate | E19: 张家界 | F19: 永定区 | G19: 44405 | H19: 44405 | I19: 44413 | J19: 44413 | K19: 44413 | L19: 1 | M19: Sinopharm | N19: 44390 | O19: =VLOOKUP(A19,Sheet2!C80:F214,4,FALSE) -> 22.21 | P19: =VLOOKUP(A19,Sheet2!C80:F214,4,FALSE) -> 22.21
A20: 77 | B20: Male | C20: 22 | D20: Moderate | E20: 张家界 | F20: 永定区 | G20: 44404 | H20: 44404 | I20: 44411 | J20: 44413 | K20: 44413 | L20: 1 | M20: Sinovac | N20: 44389 | O20: =VLOOKUP(A20,Sheet2!C78:F212,4,FALSE) -> 18.88 | P20: =VLOOKUP(A20,Sheet2!C78:F212,4,FALSE) -> 18.88
A21: 36 | B21: Female | C21: 43 | D21: Moderate | E21: 张家界 | F21: 永定区 | G21: 44401 | H21: 44401 | I21: 44403 | J21: 44409 | K21: 44409 | L21: 1 | M21: Sinopharm | N21: 44384
A22: 57 | B22: Male | C22: 49 | D22: Moderate | E22: 张家界 | F22: 永定区 | G22: 44397 | H22: 44397 | I22: 44411 | J22: 44411 | K22: 44411 | L22: 1 | M22: Sinovac | N22: 44385
A23: 51 | B23: Male | C23: 30 | D23: Moderate | E23: 张家界 | F23: 永定区 | G23: 44404 | H23: 44404 | I23: 44409 | J23: 44410 | K23: 44410 | L23: 1 | M23: Sinopharm | N23: 44384 | O23: =VLOOKUP(A23,Sheet2!C52:F186,4,FALSE) -> 30.88 | P23: =VLOOKUP(A23,Sheet2!C52:F186,4,FALSE) -> 30.88
A24: 116 | B24: Female | C24: 63 | D24: Moderate | E24: 张家界 | F24: 永定区 | I24: 44418 | J24: 44419 | K24: 44419 | L24: 1 | M24: Sinopharm | N24: 44390 | O24: =VLOOKUP(A24,Sheet2!C117:F251,4,FALSE) -> 33.16 | P24: =VLOOKUP(A24,Sheet2!C117:F251,4,FALSE) -> 33.16
A25: 82 | B25: Female | C25: 18 | D25: Moderate | E25: 张家界 | F25: 永定区 | G25: 44401 | H25: 44401 | I25: 44409 | J25: 44413 | K25: 44413 | L25: 1 | N25: 44384 | O25: =VLOOKUP(A25,Sheet2!C83:F217,4,FALSE) -> 27.48 | P25: =VLOOKUP(A25,Sheet2!C83:F217,4,FALSE) -> 27.48
A26: 25 | B26: Female | C26: 36 | D26: Moderate | E26: 长沙 | F26: 天心区 | G26: 44402 | H26: 44402 | I26: 44407 | J26: 44408 | K26: 44408 | L26: 1 | M26: Zhifei | N26: 44379
A27: 15 | B27: Female | C27: 34 | D27: Asymptomatic | E27: 长沙 | F27: 宁乡市 | G27: 44401 | H27: 44401 | I27: 44407 | J27: 44407 | K27: 44407 | L27: 1 | M27: Zhifei | N27: 44378
A28: 117 | B28: Male | C28: 31 | D28: Moderate | E28: 张家界 | F28: 永定区 | I28: 44419 | J28: 44419 | K28: 44419 | L28: 1 | M28: Sinovac | N28: 44384 | O28: =VLOOKUP(A28,Sheet2!C118:F252,4,FALSE) -> 38.12 | P28: =VLOOKUP(A28,Sheet2!C118:F252,4,FALSE) -> 38.12
A29: 87 | B29: Male | C29: 39 | D29: Moderate | E29: 张家界 | F29: 永定区 | G29: 44406 | H29: 44406 | I29: 44414 | J29: 44414 | K29: 44414 | L29: 1 | M29: Zhifei | N29: 44379 | O29: =VLOOKUP(A29,Sheet2!C88:F222,4,FALSE) -> 20.08 | P29: =VLOOKUP(A29,Sheet2!C88:F222,4,FALSE) -> 20.08
A30: 6 | B30: Female | C30: 39 | D30: Moderate | E30: 株洲 | F30: 石峰区 | G30: 44401 | H30: 44401 | I30: 44404 | J30: 44406 | K30: 44406 | L30: 2 | M30: Sinopharm | N30: 44371 | O30: =VLOOKUP(A30,Sheet2!C7:F141,4,FALSE) -> 37.1 | P30: =VLOOKUP(A30,Sheet2!C7:F141,4,FALSE) -> 37.1
A31: 121 | B31: Female | C31: 26 | D31: Moderate | E31: 张家界 | F31: 永定区 | I31: 44418 | J31: 44419 | K31: 44419 | L31: 1 | M31: Sinovac | N31: 44383 | O31: =VLOOKUP(A31,Sheet2!C122:F256,4,FALSE) -> 22.46 | P31: =VLOOKUP(A31,Sheet2!C122:F256,4,FALSE) -> 22.46
A32: 113 | B32: Male | C32: 48 | D32: Mild | E32: 张家界 | F32: 永定区 | I32: 44417 | J32: 44418 | K32: 44418 | L32: 1 | M32: Sinovac | N32: 44382 | O32: =VLOOKUP(A32,Sheet2!C114:F248,4,FALSE) -> 34 | P32: =VLOOKUP(A32,Sheet2!C114:F248,4,FALSE) -> 34
A33: 128 | C33: 54 | D33: Moderate | I33: 44422 | J33: 44422 | K33: 44422 | L33: 1 | M33: Sinopharm | N33: 44384 | O33: =VLOOKUP(A33,Sheet2!C129:F263,4,FALSE) -> 23.98 | P33: =VLOOKUP(A33,Sheet2!C129:F263,4,FALSE) -> 23.98
A34: 53 | B34: Male | C34: 68 | D34: Asymptomatic | E34: 益阳 | F34: 赫山区 | G34: 44401 | H34: 44401 | I34: 44410 | J34: 44411 | K34: 44411 | L34: 2 | M34: Sinovac | N34: 44373 | O34: =VLOOKUP(A34,Sheet2!C54:F188,4,FALSE) -> 19.97 | P34: =VLOOKUP(A34,Sheet2!C54:F188,4,FALSE) -> 19.97
A35: 8 | B35: Female | C35: 38 | D35: Moderate | E35: 张家界 | F35: 永定区 | G35: 44394 | H35: 44394 | I35: 44400 | J35: 44406 | K35: 44406 | L35: 2 | N35: 44368 | O35: =VLOOKUP(A35,Sheet2!C9:F143,4,FALSE) -> 37.66 | P35: =VLOOKUP(A35,Sheet2!C9:F143,4,FALSE) -> 37.66
A36: 55 | B36: Female | C36: 34 | D36: Moderate | E36: 张家界 | F36: 永定区 | G36: 44399 | H36: 44399 | I36: 44410 | J36: 44411 | K36: 44411 | L36: 2 | M36: Sinovac | N36: 44372 | O36: =VLOOKUP(A36,Sheet2!C56:F190,4,FALSE) -> 20.14 | P36: =VLOOKUP(A36,Sheet2!C56:F190,4,FALSE) -> 20.14
A37: 27 | B37: Female | C37: 33 | D37: Moderate | E37: 湘西 | F37: 古丈县 | G37: 44403 | H37: 44403 | I37: 44408 | J37: 44408 | K37: 44408 | L37: 2 | M37: Sinovac | N37: 44369
A38: 38 | B38: Male | C38: 31 | D38: Mild | E38: 张家界 | F38: 永定区 | G38: 44404 | H38: 44404 | I38: 44406 | J38: 44409 | K38: 44409 | L38: 2 | M38: Sinopharm | N38: 44368 | O38: =VLOOKUP(A38,Sheet2!C39:F173,4,FALSE) -> 24.21 | P38: =VLOOKUP(A38,Sheet2!C39:F173,4,FALSE) -> 24.21
A39: 1 | B39: Female | C39: 36 | D39: Asymptomatic | E39: 常德 | F39: 武陵区 | G39: 44400 | H39: 44400 | I39: 44404 | J39: 44405 | K39: 44405 | L39: 2 | M39: Sinopharm | N39: 44363
A40: 97 | B40: Male | C40: 36 | D40: Mild | E40: 张家界 | F40: 永定区 | I40: 44414 | J40: 44416 | K40: 44416 | L40: 1 | M40: Zhifei | N40: 44373
A41: 76 | B41: Male | C41: 57 | D41: Moderate | E41: 张家界 | F41: 永定区 | G41: 44396 | H41: 44396 | I41: 44410 | J41: 44413 | K41: 44413 | L41: 2 | M41: Combind | N41: 44370 | O41: =VLOOKUP(A41,Sheet2!C77:F211,4,FALSE) -> 24.07 | P41: =VLOOKUP(A41,Sheet2!C77:F211,4,FALSE) -> 24.07
A42: 49 | B42: Female | C42: 58 | D42: Moderate | E42: 张家界 | F42: 桑植县 | G42: 44394 | H42: 44394 | I42: 44404 | J42: 44410 | K42: 44410 | L42: 2 | M42: Sinopharm | N42: 44367 | O42: =VLOOKUP(A42,Sheet2!C50:F184,4,FALSE) -> 34.71 | P42: =VLOOKUP(A42,Sheet2!C50:F184,4,FALSE) -> 34.71
A43: 93 | B43: Male | C43: 38 | D43: Moderate | E43: 张家界 | F43: 永定区 | G43: 44405 | H43: 44405 | I43: 44415 | J43: 44415 | K43: 44415 | L43: 2 | M43: Sinopharm | N43: 44371 | O43: =VLOOKUP(A43,Sheet2!C94:F228,4,FALSE) -> 24.25 | P43: =VLOOKUP(A43,Sheet2!C94:F228,4,FALSE) -> 24.25
A44: 60 | B44: Female | C44: 34 | D44: Asymptomatic | E44: 益阳 | F44: 赫山区 | G44: 44401 | H44: 44401 | I44: 44411 | J44: 44412 | K44: 44412 | L44: 2 | M44: Sinovac | N44: 44368 | O44: =VLOOKUP(A44,Sheet2!C61:F195,4,FALSE) -> 29.63 | P44: =VLOOKUP(A44,Sheet2!C61:F195,4,FALSE) -> 29.63
A45: 62 | B45: Female | C45: 19 | D45: Mild | E45: 张家界 | F45: 永定区 | G45: 44400 | H45: 44400 | I45: 44408 | J45: 44412 | K45: 44412 | L45: 2 | M45: Sinovac | N45: 44368 | O45: =VLOOKUP(A45,Sheet2!C63:F197,4,FALSE) -> 26.06 | P45: =VLOOKUP(A45,Sheet2!C63:F197,4,FALSE) -> 26.06
A46: 127 | C46: 33 | D46: Moderate | I46: 44420 | J46: 44421 | K46: 44421 | L46: 2 | M46: Combind | N46: 44376
A47: 88 | B47: Male | C47: 44 | D47: Moderate | E47: 张家界 | F47: 永定区 | G47: 44394 | H47: 44394 | I47: 44414 | J47: 44414 | K47: 44414 | L47: 2 | M47: Sinovac | N47: 44368 | O47: =VLOOKUP(A47,Sheet2!C89:F223,4,FALSE) -> 21.93 | P47: =VLOOKUP(A47,Sheet2!C89:F223,4,FALSE) -> 21.93
A48: 37 | B48: Male | C48: 39 | D48: Moderate | E48: 张家界 | F48: 永定区 | G48: 44404 | H48: 44404 | I48: 44409 | J48: 44409 | K48: 44409 | L48: 2 | M48: Sinopharm | N48: 44363
A49: 4 | B49: Female | C49: 38 | D49: Asymptomatic | E49: 常德 | F49: 安乡县 | G49: 44401 | H49: 44401 | I49: 44402 | J49: 44406 | K49: 44406 | L49: 2 | M49: Sinopharm | N49: 44360
A50: 125 | C50: 57 | D50: Moderate | I50: 44420 | J50: 44421 | K50: 44421 | L50: 1 | M50: Zhifei | N50: 44373
A51: 16 | B51: Female | C51: 46 | D51: Moderate | E51: 湘西 | F51: 古丈县 | G51: 44403 | H51: 44403 | I51: 44406 | J51: 44407 | K51: 44407 | L51: 2 | M51: Sinovac | N51: 44358
A52: 19 | B52: Female | C52: 45 | D52: Moderate | E52: 张家界 | F52: 永定区 | G52: 44399 | H52: 44399 | I52: 44405 | J52: 44407 | K52: 44407 | L52: 2 | M52: Combind | N52: 44358 | O52: =VLOOKUP(A52,Sheet2!C20:F154,4,FALSE) -> 34.89 | P52: =VLOOKUP(A52,Sheet2!C20:F154,4,FALSE) -> 34.89
A53: 98 | B53: Female | C53: 30 | D53: Moderate | E53: 张家界 | F53: 永定区 | I53: 44414 | J53: 44416 | K53: 44416 | L53: 2 | M53: Sinopharm | N53: 44365 | O53: =VLOOKUP(A53,Sheet2!C99:F233,4,FALSE) -> 29.1 | P53: =VLOOKUP(A53,Sheet2!C99:F233,4,FALSE) -> 29.1
A54: 90 | B54: Female | C54: 37 | D54: Moderate | E54: 株洲 | F54: 荷塘区 | G54: 44406 | H54: 44406 | I54: 44413 | J54: 44415 | K54: 44415 | L54: 2 | M54: Sinopharm | N54: 44364
A55: 26 | B55: Male | C55: 50 | D55: Moderate | E55: 张家界 | F55: 永定区 | G55: 44401 | H55: 44401 | I55: 44405 | J55: 44408 | K55: 44408 | L55: 2 | N55: 44357 | O55: =VLOOKUP(A55,Sheet2!C27:F161,4,FALSE) -> 23.57 | P55: =VLOOKUP(A55,Sheet2!C27:F161,4,FALSE) -> 23.57
A56: 10 | B56: Male | C56: 37 | D56: Mild | E56: 株洲 | F56: 石峰区 | G56: 44401 | H56: 44401 | I56: 44407 | J56: 44407 | K56: 44407 | L56: 2 | N56: 44355
A57: 18 | B57: Male | C57: 33 | D57: Mild | E57: 张家界 | F57: 永定区 | G57: 44399 | H57: 44399 | I57: 44406 | J57: 44407 | K57: 44407 | L57: 2 | M57: Combind | N57: 44355 | O57: =VLOOKUP(A57,Sheet2!C19:F153,4,FALSE) -> 24.49 | P57: =VLOOKUP(A57,Sheet2!C19:F153,4,FALSE) -> 24.49
A58: 58 | B58: Female | C58: 28 | D58: Moderate | E58: 株洲 | F58: 石峰区 | G58: 44403 | H58: 44403 | I58: 44410 | J58: 44411 | K58: 44411 | L58: 2 | M58: Sinopharm | N58: 44358 | O58: =VLOOKUP(A58,Sheet2!C59:F193,4,FALSE) -> 38 | P58: =VLOOKUP(A58,Sheet2!C59:F193,4,FALSE) -> 38
A59: 28 | B59: Female | C59: 39 | D59: Mild | E59: 张家界 | F59: 永定区 | G59: 44400 | H59: 44400 | I59: 44406 | J59: 44408 | K59: 44408 | L59: 2 | M59: Combind | N59: 44354
A60: 50 | B60: Male | C60: 20 | D60: Mild | E60: 张家界 | F60: 永定区 | G60: 44397 | H60: 44397 | I60: 44409 | J60: 44410 | K60: 44410 | L60: 2 | M60: Combind | N60: 44354 | O60: =VLOOKUP(A60,Sheet2!C51:F185,4,FALSE) -> 14.1 | P60: =VLOOKUP(A60,Sheet2!C51:F185,4,FALSE) -> 14.1
A61: 71 | B61: Female | C61: 52 | D61: Moderate | E61: 张家界 | F61: 永定区 | G61: 44403 | H61: 44403 | I61: 44412 | J61: 44412 | K61: 44412 | L61: 2 | M61: Combind | N61: 44354
A62: 110 | B62: Female | C62: 52 | D62: Moderate | E62: 张家界 | F62: 永定区 | I62: 44415 | J62: 44418 | K62: 44418 | L62: 2 | M62: Combind | N62: 44359 | O62: =VLOOKUP(A62,Sheet2!C111:F245,4,FALSE) -> 33.81 | P62: =VLOOKUP(A62,Sheet2!C111:F245,4,FALSE) -> 33.81
A63: 114 | B63: Female | C63: 56 | D63: Moderate | E63: 张家界 | F63: 永定区 | I63: 44418 | J63: 44418 | K63: 44418 | L63: 2 | M63: Combind | N63: 44359 | O63: =VLOOKUP(A63,Sheet2!C115:F249,4,FALSE) -> 28.73 | P63: =VLOOKUP(A63,Sheet2!C115:F249,4,FALSE) -> 28.73
A64: 108 | B64: Female | C64: 37 | D64: Mild | E64: 张家界 | F64: 永定区 | I64: 44417 | J64: 44417 | K64: 44417 | L64: 2 | M64: Sinovac | N64: 44358 | O64: =VLOOKUP(A64,Sheet2!C109:F243,4,FALSE) -> 23.61 | P64: =VLOOKUP(A64,Sheet2!C109:F243,4,FALSE) -> 23.61
A65: 44 | B65: Male | C65: 51 | D65: Asymptomatic | E65: 株洲 | F65: 石峰区 | G65: 44391 | H65: 44391 | I65: 44409 | J65: 44409 | K65: 44409 | L65: 2 | N65: 44349
A66: 68 | B66: Male | C66: 58 | D66: Mild | E66: 株洲 | F66: 石峰区 | G66: 44403 | H66: 44403 | I66: 44411 | J66: 44412 | K66: 44412 | L66: 2 | N66: 44344 | O66: =VLOOKUP(A66,Sheet2!C69:F203,4,FALSE) -> 35.71 | P66: =VLOOKUP(A66,Sheet2!C69:F203,4,FALSE) -> 35.71
A67: 95 | B67: Female | C67: 50 | D67: Moderate | E67: 张家界 | F67: 永定区 | I67: 44413 | J67: 44416 | K67: 44416 | L67: 2 | M67: Sinovac | N67: 44313 | O67: =VLOOKUP(A67,Sheet2!C96:F230,4,FALSE) -> 20.17 | P67: =VLOOKUP(A67,Sheet2!C96:F230,4,FALSE) -> 20.17
A68: 96 | B68: Female | C68: 56 | D68: Moderate | E68: 张家界 | F68: 永定区 | I68: 44413 | J68: 44416 | K68: 44416 | L68: 2 | M68: Sinovac | N68: 44281 | O68: =VLOOKUP(A68,Sheet2!C97:F231,4,FALSE) -> 28.5 | P68: =VLOOKUP(A68,Sheet2!C97:F231,4,FALSE) -> 28.5
A69: 102 | B69: Male | C69: 41 | D69: Mild | E69: 张家界 | F69: 永定区 | I69: 44414 | J69: 44416 | K69: 44416 | L69: 2 | M69: Sinovac | N69: 44280 | O69: =VLOOKUP(A69,Sheet2!C103:F237,4,FALSE) -> 28.71 | P69: =VLOOKUP(A69,Sheet2!C103:F237,4,FALSE) -> 28.71
A70: 103 | B70: Female | C70: 35 | D70: Mild | E70: 张家界 | F70: 永定区 | I70: 44416 | J70: 44416 | K70: 44416 | L70: 2 | M70: Sinopharm | N70: 44247 | O70: =VLOOKUP(A70,Sheet2!C104:F238,4,FALSE) -> 24.71 | P70: =VLOOKUP(A70,Sheet2!C104:F238,4,FALSE) -> 24.71
A71: 2 | B71: Male | C71: 12 | D71: Moderate | E71: 长沙 | F71: 宁乡市 | G71: 44401 | H71: 44401 | I71: 44404 | J71: 44405 | K71: 44405 | L71: 0
A72: 5 | B72: Male | C72: 3 | D72: Asymptomatic | E72: 长沙 | F72: 宁乡市 | G72: 44401 | H72: 44401 | I72: 44406 | J72: 44406 | K72: 44406 | L72: 0
A73: 7 | B73: Male | C73: 11 | D73: Mild | E73: 株洲 | F73: 石峰区 | G73: 44401 | H73: 44401 | I73: 44406 | J73: 44406 | K73: 44406 | L73: 0 | O73: =VLOOKUP(A73,Sheet2!C8:F142,4,FALSE) -> 37.52 | P73: =VLOOKUP(A73,Sheet2!C8:F142,4,FALSE) -> 37.52
A74: 13 | B74: Male | C74: 8 | D74: Moderate | E74: 株洲 | F74: 石峰区 | G74: 44401 | H74: 44401 | I74: 44407 | J74: 44407 | K74: 44407 | L74: 0
A75: 14 | B75: Male | C75: 6 | D75: Moderate | E75: 株洲 | F75: 石峰区 | G75: 44401 | H75: 44401 | I75: 44407 | J75: 44407 | K75: 44407 | L75: 0
A76: 20 | B76: Female | C76: 37 | D76: Moderate | E76: 株洲 | F76: 石峰区 | G76: 44403 | H76: 44403 | I76: 44407 | J76: 44407 | K76: 44407 | L76: 0 | O76: =VLOOKUP(A76,Sheet2!C21:F155,4,FALSE) -> 36 | P76: =VLOOKUP(A76,Sheet2!C21:F155,4,FALSE) -> 36
A77: 21 | B77: Male | C77: 9 | D77: Moderate | E77: 株洲 | F77: 石峰区 | G77: 44402 | H77: 44402 | I77: 44407 | J77: 44407 | K77: 44407 | L77: 0 | O77: =VLOOKUP(A77,Sheet2!C22:F156,4,FALSE) -> 27.7 | P77: =VLOOKUP(A77,Sheet2!C22:F156,4,FALSE) -> 27.7
A78: 22 | B78: Male | C78: 8 | D78: Moderate | E78: 株洲 | F78: 石峰区 | G78: 44401 | H78: 44401 | I78: 44407 | J78: 44407 | K78: 44407 | L78: 0
A79: 23 | B79: Female | C79: 14 | D79: Mild | E79: 株洲 | F79: 石峰区 | G79: 44402 | H79: 44402 | I79: 44407 | J79: 44407 | K79: 44407 | L79: 0 | O79: =VLOOKUP(A79,Sheet2!C24:F158,4,FALSE) -> 30 | P79: =VLOOKUP(A79,Sheet2!C24:F158,4,FALSE) -> 30
A80: 24 | B80: Male | C80: 40 | D80: Moderate | E80: 株洲 | F80: 石峰区 | G80: 44402 | H80: 44402 | I80: 44407 | J80: 44408 | K80: 44408 | L80: 0 | O80: =VLOOKUP(A80,Sheet2!C25:F159,4,FALSE) -> 32.32 | P80: =VLOOKUP(A80,Sheet2!C25:F159,4,FALSE) -> 32.32
A81: 29 | B81: Male | C81: 9 | D81: Asymptomatic | E81: 张家界 | F81: 永定区 | G81: 44406 | H81: 44406 | I81: 44408 | J81: 44408 | K81: 44408 | L81: 0
A82: 30 | B82: Female | C82: 8 | D82: Asymptomatic | E82: 常德 | F82: 安乡县 | G82: 44401 | H82: 44401 | I82: 44408 | J82: 44408 | K82: 44408 | L82: 0
A83: 31 | B83: Male | C83: 3 | D83: Asymptomatic | E83: 湘潭 | F83: 雨湖区 | G83: 44401 | H83: 44401 | I83: 44406 | J83: 44408 | K83: 44408 | L83: 0
A84: 32 | B84: Male | C84: 65 | D84: Moderate | E84: 益阳 | F84: 赫山区 | G84: 44400 | H84: 44400 | I84: 44408 | J84: 44409 | K84: 44409 | L84: 0 | O84: =VLOOKUP(A84,Sheet2!C33:F167,4,FALSE) -> 27.04 | P84: =VLOOKUP(A84,Sheet2!C33:F167,4,FALSE) -> 27.04
A85: 33 | B85: Female | C85: 61 | D85: Moderate | E85: 益阳 | F85: 赫山区 | G85: 44400 | H85: 44400 | I85: 44408 | J85: 44409 | K85: 44409 | L85: 0 | O85: =VLOOKUP(A85,Sheet2!C34:F168,4,FALSE) -> 28.75 | P85: =VLOOKUP(A85,Sheet2!C34:F168,4,FALSE) -> 28.75
A86: 34 | B86: Female | C86: 9 | D86: Asymptomatic | E86: 益阳 | F86: 赫山区 | G86: 44398 | H86: 44398 | I86: 44408 | J86: 44409 | K86: 44409 | L86: 0 | O86: =VLOOKUP(A86,Sheet2!C35:F169,4,FALSE) -> 31.74 | P86: =VLOOKUP(A86,Sheet2!C35:F169,4,FALSE) -> 31.74
A87: 35 | B87: Male | C87: 69 | D87: Moderate | E87: 益阳 | F87: 赫山区 | G87: 44400 | H87: 44400 | I87: 44408 | J87: 44409 | K87: 44409 | L87: 0 | O87: =VLOOKUP(A87,Sheet2!C36:F170,4,FALSE) -> 27.45 | P87: =VLOOKUP(A87,Sheet2!C36:F170,4,FALSE) -> 27.45
A88: 39 | B88: Male | C88: 7 | D88: Asymptomatic | E88: 张家界 | F88: 永定区 | G88: 44400 | H88: 44400 | I88: 44409 | J88: 44409 | K88: 44409 | L88: 0
A89: 41 | B89: Female | C89: 32 | D89: Moderate | E89: 株洲 | F89: 云龙区 | G89: 44403 | H89: 44403 | I89: 44409 | J89: 44409 | K89: 44409 | L89: 0 | O89: =VLOOKUP(A89,Sheet2!C42:F176,4,FALSE) -> 32.7 | P89: =VLOOKUP(A89,Sheet2!C42:F176,4,FALSE) -> 32.7
A90: 42 | B90: Male | C90: 34 | D90: Moderate | E90: 株洲 | F90: 云龙区 | G90: 44403 | H90: 44403 | I90: 44409 | J90: 44409 | K90: 44409 | L90: 0 | O90: =VLOOKUP(A90,Sheet2!C43:F177,4,FALSE) -> 26.1 | P90: =VLOOKUP(A90,Sheet2!C43:F177,4,FALSE) -> 26.1
A91: 43 | B91: Female | C91: 9 | D91: Mild | E91: 株洲 | F91: 云龙区 | G91: 44403 | H91: 44403 | I91: 44409 | J91: 44409 | K91: 44409 | L91: 0 | O91: =VLOOKUP(A91,Sheet2!C44:F178,4,FALSE) -> 20.16 | P91: =VLOOKUP(A91,Sheet2!C44:F178,4,FALSE) -> 20.16
A92: 45 | B92: Female | C92: 17 | D92: Moderate | E92: 株洲 | F92: 云龙区 | G92: 44402 | H92: 44402 | I92: 44409 | J92: 44409 | K92: 44409 | L92: 0 | O92: =VLOOKUP(A92,Sheet2!C46:F180,4,FALSE) -> 38.2 | P92: =VLOOKUP(A92,Sheet2!C46:F180,4,FALSE) -> 38.2
A93: 48 | B93: Male | C93: 4 | D93: Moderate | E93: 株洲 | F93: 石峰区 | G93: 44403 | H93: 44403 | I93: 44409 | J93: 44410 | K93: 44410 | L93: 0 | O93: =VLOOKUP(A93,Sheet2!C49:F183,4,FALSE) -> 31.6 | P93: =VLOOKUP(A93,Sheet2!C49:F183,4,FALSE) -> 31.6
A94: 52 | B94: Female | C94: 7 | D94: Asymptomatic | E94: 张家界 | F94: 永定区 | G94: 44404 | H94: 44404 | I94: 44410 | J94: 44410 | K94: 44410 | L94: 0 | O94: =VLOOKUP(A94,Sheet2!C53:F187,4,FALSE) -> 39.83 | P94: =VLOOKUP(A94,Sheet2!C53:F187,4,FALSE) -> 39.83
A95: 56 | B95: Male | C95: 9 | D95: Mild | E95: 张家界 | F95: 永定区 | G95: 44397 | H95: 44397 | I95: 44409 | J95: 44411 | K95: 44411 | L95: 0 | O95: =VLOOKUP(A95,Sheet2!C57:F191,4,FALSE) -> 39.92 | P95: =VLOOKUP(A95,Sheet2!C57:F191,4,FALSE) -> 39.92
A96: 59 | B96: Male | C96: 13 | D96: Asymptomatic | E96: 湘潭 | F96: 雨湖区 | G96: 44401 | H96: 44401 | I96: 44411 | J96: 44411 | K96: 44411 | L96: 0
A97: 61 | B97: Female | C97: 60 | D97: Server | E97: 张家界 | F97: 桑植县 | G97: 44394 | H97: 44394 | I97: 44409 | J97: 44412 | K97: 44412 | L97: 0 | O97: =VLOOKUP(A97,Sheet2!C62:F196,4,FALSE) -> 37.88 | P97: =VLOOKUP(A97,Sheet2!C62:F196,4,FALSE) -> 37.88
A98: 63 | B98: Female | C98: 16 | D98: Moderate | E98: 张家界 | F98: 慈利县 | G98: 44405 | H98: 44405 | I98: 44412 | J98: 44412 | K98: 44412 | L98: 0 | O98: =VLOOKUP(A98,Sheet2!C64:F198,4,FALSE) -> 15.49 | P98: =VLOOKUP(A98,Sheet2!C64:F198,4,FALSE) -> 15.49
A99: 64 | B99: Female | C99: 15 | D99: Moderate | E99: 张家界 | F99: 永定区 | G99: 44405 | H99: 44405 | I99: 44412 | J99: 44412 | K99: 44412 | L99: 0 | O99: =VLOOKUP(A99,Sheet2!C65:F199,4,FALSE) -> 26.01 | P99: =VLOOKUP(A99,Sheet2!C65:F199,4,FALSE) -> 26.01
A100: 65 | B100: Female | C100: 42 | D100: Moderate | E100: 张家界 | F100: 永定区 | G100: 44401 | H100: 44401 | I100: 44412 | J100: 44412 | K100: 44412 | L100: 0 | O100: =VLOOKUP(A100,Sheet2!C66:F200,4,FALSE) -> 19.16 | P100: =VLOOKUP(A100,Sheet2!C66:F200,4,FALSE) -> 19.16
...

Sheet Sheet2
A1: 序号 | B1: 姓名 | C1: 序号 | D1: 感染来源 | E1: N | F1: O
A2: 1 | B2: 周晓晶 | C2: 1
A3: 2 | B3: 罗宇轩 | C3: 2
A4: 3 | B4: 杨小玲 | C4: 3 | D4: 曾娟
A5: 4 | B5: 刘阳 | C5: 4
A6: 5 | B6: 李锦昊 | C6: 5
A7: 6 | B7: 沈朝霞 | C7: 6 | E7: 35.5 | F7: 37.1
A8: 7 | B8: 杨文俊 | C8: 7 | E8: 37.55 | F8: 37.52
A9: 8 | B9: 曾娟 | C9: 8 | E9: 37.66 | F9: 37.66
A10: 9 | B10: 蔡雪霞 | C10: 9 | E10: 24.18 | F10: 23.61
A11: 10 | B11: 沈招安 | C11: 10
A12: 11 | B12: 龙思雨 | C12: 11 | E12: 37.8 | F12: 37.1
A13: 12 | B13: 曾媛 | C13: 12
A14: 13 | B14: 言睿麒 | C14: 13
A15: 14 | B15: 言苇麟 | C15: 14
A16: 15 | B16: 唐江 | C16: 15
A17: 16 | B17: 张燕玲 | C17: 16
A18: 17 | B18: 欧珍 | C18: 17 | D18: 杨小玲 | E18: 20.05 | F18: 21
A19: 18 | B19: 邓集晖 | C19: 18 | D19: 杨小玲 | E19: 23.55 | F19: 24.49
A20: 19 | B20: 江双凤 | C20: 19 | D20: 杨小玲 | E20: 36.06 | F20: 34.89
A21: 20 | B21: 黄丽君 | C21: 20 | D21: 沈朝霞 | E21: 35.9 | F21: 36
A22: 21 | B22: 言艾轩 | C22: 21 | D22: 言睿麒 | E22: 27.3 | F22: 27.7
A23: 22 | B23: 沈东宇 | C23: 22
A24: 23 | B24: 沈思齐 | C24: 23 | D24: 沈招安 | E24: 30.5 | F24: 30
A25: 24 | B25: 杨立军 | C25: 24 | D25: 沈朝霞 | E25: 31.3 | F25: 32.32
A26: 25 | B26: 方迎 | C26: 25 | D26: 刘某果
A27: 26 | B27: 石红春 | C27: 26 | D27: 江双凤 | E27: 22.9 | F27: 23.57
A28: 27 | B28: 孙莉 | C28: 27
A29: 28 | B29: 张蔷薇 | C29: 28 | D29: 石红春
A30: 29 | B30: 张珈睿 | C30: 29 | D30: 石红春
A31: 30 | B31: 肖云熙 | C31: 30
A32: 31 | B32: 谭博友 | C32: 31
A33: 32 | B33: 何乐高 | C33: 32 | E33: 26.06 | F33: 27.04
A34: 33 | B34: 刘巧可 | C34: 33 | E34: 27.96 | F34: 28.75
A35: 34 | B35: 刘若镜 | C35: 34 | E35: 31.4 | F35: 31.74
A36: 35 | B36: 刘建宜 | C36: 35 | E36: 27.32 | F36: 27.45
A37: 36 | B37: 胡满玉 | C37: 36
A38: 37 | B38: 胡银华 | C38: 37 | D38: 石红春
A39: 38 | B39: 王凯成 | C39: 38 | D39: 胡满玉 | E39: 23.62 | F39: 24.21
A40: 39 | B40: 田蕾 | C40: 39 | D40: 曾娟
A41: 40 | B41: 刘楹子 | C41: 40 | D41: 方迎
A42: 41 | B42: 文双 | C42: 41 | D42: 沈朝霞 | E42: 32.5 | F42: 32.7
A43: 42 | B43: 言志武 | C43: 42 | D43: 沈朝霞 | E43: 25.9 | F43: 26.1
A44: 43 | B44: 言姿靓 | C44: 43 | D44: 沈朝霞 | E44: 29.6 | F44: 20.16
A45: 44 | B45: 陈超录 | C45: 44
A46: 45 | B46: 杨小庆 | C46: 45 | D46: 谭永其 | E46: 38.7 | F46: 38.2
A47: 46 | B47: 谭永其 | C47: 46 | D47: 沈朝霞 | E47: 30.1 | F47: 31.2
A48: 47 | B48: 曾建辉 | C48: 47
A49: 48 | B49: 言星辰 | C49: 48 | D49: 沈朝霞 | E49: 31.7 | F49: 31.6
A50: 49 | B50: 钟小春 | C50: 49 | D50: 曾娟 | E50: 33.31 | F50: 34.71
A51: 50 | B51: 刘洋声 | C51: 50 | D51: 胡满玉 | E51: 16.28 | F51: 14.1
A52: 51 | B52: 曾力 | C52: 51 | D52: 曾娟 | E52: 28.45 | F52: 30.88
A53: 52 | B53: 曾妙颖 | C53: 52 | D53: 曾娟 | E53: 36.33 | F53: 39.83
A54: 53 | B54: 刘建新 | C54: 53 | E54: 20.05 | F54: 19.97
A55: 54 | B55: 蔡新华 | C55: 54 | E55: 30.97 | F55: 32.03
A56: 55 | B56: 甘敏才 | C56: 55 | D56: 胡满玉 | E56: 19.3 | F56: 20.14
A57: 56 | B57: 刘萧剑 | C57: 56 | D57: 胡满玉 | E57: 38.3 | F57: 39.92
A58: 57 | B58: 刘建立 | C58: 57 | D58: 胡满玉
A59: 58 | B59: 文芳 | C59: 58 | D59: 沈朝霞 | E59: 37.8 | F59: 38
A60: 59 | B60: 谭皓文 | C60: 59
A61: 60 | B61: 刘念 | C61: 60 | E61: 29.38 | F61: 29.63
A62: 61 | B62: 向彩绒 | C62: 61 | D62: 曾娟 | E62: 37.59 | F62: 37.88
A63: 62 | B63: 赵惠 | C63: 62 | D63: 胡满玉 | E63: 25.14 | F63: 26.06
A64: 63 | B64: 许曼 | C64: 63 | D64: 甘敏才 | E64: 12.37 | F64: 15.49
A65: 64 | B65: 李冰冰 | C65: 64 | D65: 甘敏才 | E65: 23.19 | F65: 26.01
A66: 65 | B66: 熊冬智 | C66: 65 | D66: 胡满玉 | E66: 17.34 | F66: 19.16
A67: 66 | B67: 宋慧琳 | C67: 66 | D67: 沈思齐 | E67: 37.8 | F67: 38.2
A68: 67 | B68: 言鼎 | C68: 67 | D68: 龙思雨 | E68: 37.2 | F68: 36.8
A69: 68 | B69: 言建辉 | C69: 68 | E69: 36.99 | F69: 35.71
A70: 69 | B70: 李孟寅 | C70: 69 | D70: 黄丽君 | E70: 27.8 | F70: 28.1
A71: 70 | B71: 黄冠 | C71: 70 | D71: 吴先清
A72: 71 | B72: 吴花平 | C72: 71 | D72: 张金良
A73: 72 | B73: 张悦翔 | C73: 72 | D73: 张金良 | E73: 34.9 | F73: 35.1
A74: 73 | B74: 黄云竹 | C74: 73 | D74: 沈朝霞 | E74: 27 | F74: 29.2
A75: 74 | B75: 沈进军 | C75: 74 | D75: 沈招安 | E75: 23.4 | F75: 24.5
A76: 75 | B76: 言思嘉 | C76: 75 | D76: 黄丽君 | E76: 31.01 | F76: 31.6
A77: 76 | B77: 吴先清 | C77: 76 | D77: 曾娟 | E77: 23.05 | F77: 24.07
A78: 77 | B78: 周旸 | C78: 77 | E78: 19.32 | F78: 18.88
A79: 78 | B79: 屈国胜 | C79: 78 | D79: 胡满玉 | E79: 28.77 | F79: 28.23
A80: 79 | B80: 毛国寿 | C80: 79 | D80: 石红春 | E80: 22.59 | F80: 22.21
A81: 80 | B81: 张恒 | C81: 80 | D81: 屈国胜 | E81: 19.69 | F81: 22.23
A82: 81 | B82: 周志红 | C82: 81 | E82: 26.13 | F82: 27.11
A83: 82 | B83: 向金玲 | C83: 82 | D83: 胡满玉 | E83: 24.73 | F83: 27.48
A84: 83 | B84: 代注英 | C84: 83 | D84: 石红春 | E84: 16.27 | F84: 19.07
A85: 84 | B85: 张鹏 | C85: 84 | D85: 张恒 | E85: 30.55 | F85: 29.16
A86: 85 | B86: 罗贯宇 | C86: 85 | D86: 杨文俊 | E86: 38.76 | F86: 39.1
A87: 86 | B87: 胡晓丹 | C87: 86 | D87: 甘敏才 | E87: 27.85 | F87: 28.9
A88: 87 | B88: 魏云龙 | C88: 87 | D88: 胡满玉 | E88: 18.48 | F88: 20.08
A89: 88 | B89: 张金良 | C89: 88 | D89: 曾娟 | E89: 20.38 | F89: 21.93
A90: 89 | B90: 程香兰 | C90: 89 | D90: 胡满玉 | E90: 16.4 | F90: 18.05
A91: 90 | B91: 伍春香 | C91: 90 | D91: 宋慧琳
A92: 91 | B92: 宋耀敏 | C92: 91 | D92: 宋慧琳 | E92: 22.2 | F92: 24.21
A93: 92 | B93: 言真 | C93: 92 | D93: 黄云竹 | E93: 22.41 | F93: 22.9
A94: 93 | B94: 王志君 | C94: 93 | D94: 王凯成 | E94: 21.8 | F94: 24.25
A95: 94 | B95: 李新春 | C95: 94 | D95: 张金良 | E95: 22.9 | F95: 25.58
A96: 95 | B96: 张翠英 | C96: 95 | D96: 胡满玉 | E96: 16.28 | F96: 20.17
A97: 96 | B97: 李金霞 | C97: 96 | D97: 张世明 | E97: 26.02 | F97: 28.5
A98: 97 | B98: 汤治全 | C98: 97 | D98: 李林
A99: 98 | B99: 赵英 | C99: 98 | D99: 胡满玉 | E99: 25.88 | F99: 29.1
A100: 98 | B100: 赵英 | C100: 98 | D100: 向金玲
...

Sheet Sheet3
