Workbook

Sheet main
A1: id | B1: age | C1: gender | D1: vaccine | E1: vaccine_type | F1: vaccine_mix | G1: outcome | H1: lastexposedate | I1: vaccinelastdate | J1: id_cases
A2: 6 | B2: 4 | C2: Female | D2: 1 | E2: P | F2: N | G2: 0 | H2: 44574 | I2: 44564 | J2: 1
A3: 11 | B3: 31 | C3: Male | D3: 3 | E3: PPP | F3: N | G3: 0 | H3: 44569 | I3: 44564 | J3: 1
A4: 29 | B4: 34 | C4: Female | D4: 2 | E4: PP | F4: N | G4: 0 | H4: 44569 | I4: 44574 | J4: 1
A5: 33 | B5: 22 | C5: Male | D5: 2 | E5: VV | F5: N | G5: 0 | H5: 44569 | I5: 44569 | J5: 1
A6: 64 | B6: 59 | C6: Male | D6: 1 | E6: P | F6: N | G6: 0 | H6: 44569 | I6: 44569 | J6: 1
A7: 66 | B7: 46 | C7: Male | D7: 3 | E7: PPP | F7: N | G7: 0 | H7: 44569 | I7: 44570 | J7: 1
A8: 100 | B8: 30 | C8: Male | D8: 3 | E8: PPP | F8: N | G8: 0 | H8: 44569 | I8: 44571 | J8: 1
A9: 109 | B9: 57 | C9: Female | D9: 3 | E9: PVV | F9: Y | G9: 1 | H9: 44574 | I9: 44563 | J9: 1
A10: 126 | B10: 50 | C10: Female | D10: 3 | E10: PPP | F10: N | G10: 0 | H10: 44569 | I10: 44572 | J10: 1
A11: 127 | B11: 6 | C11: Female | D11: 2 | E11: PP | F11: N | G11: 0 | H11: 44569 | I11: 44562 | J11: 1
A12: 135 | B12: 53 | C12: Female | D12: 3 | E12: PPP | F12: N | G12: 0 | H12: 44569 | I12: 44563 | J12: 1
A13: 136 | B13: 31 | C13: Female | D13: 3 | E13: PPP | F13: N | G13: 0 | H13: 44569 | I13: 44567 | J13: 1
... A130: 2288 | B130: 24 | C130: Male | D130: 3 | E130: PPP | F130: N | G130: 0 | H130: 44574 | I130: 44572 | J130: 22
A131: 2307 | D131: 3 | E131: PPP | F131: N | G131: 0 | H131: 44577 | I131: 44565 | J131: 23
A132: 2309 | D132: 3 | E132: PPP | F132: N | G132: 0 | H132: 44577 | I132: 44565 | J132: 23
A133: 2330 | D133: 3 | E133: PVV | F133: Y | G133: 0 | H133: 44577 | I133: 44573 | J133: 23
A134: 2340 | D134: 3 | E134: PPP | F134: N | G134: 0 | H134: 44577 | I134: 44574 | J134: 23
A135: 2346 | D135: 3 | E135: PPP | F135: N | G135: 0 | H135: 44577 | I135: 44567 | J135: 23
A136: 2359 | D136: 2 | E136: AA | F136: N | G136: 0 | H136: 44577 | I136: 44571 | J136: 23
A137: 2406 | B137: 38 | C137: Male | D137: 3 | E137: PPP | F137: N | G137: 0 | H137: 44576 | I137: 44573 | J137: 24
A138: 2419 | B138: 5 | C138: Female | D138: 2 | E138: PP | F138: N | G138: 0 | H138: 44576 | I138: 44564 | J138: 24
A139: 2421 | B139: 35 | C139: Female | D139: 3 | E139: PVV | F139: Y | G139: 0 | H139: 44576 | I139: 44571 | J139: 24
A140: 2430 | B140: 32 | C140: Female | D140: 3 | E140: PPP | F140: N | G140: 0 | H140: 44576 | I140: 44571 | J140: 24
A141: 2434 | B141: 35 | C141: Female | D141: 3 | E141: PPP | F141: N | G141: 0 | H141: 44576 | I141: 44564 | J141: 24
A142: 2458 | B142: 53 | C142: Female | D142: 3 | E142: PPP | F142: N | G142: 0 | H142: 44576 | I142: 44573 | J142: 25
A143: 2462 | B143: 25 | C143: Male | D143: 3 | E143: VVV | F143: N | G143: 0 | H143: 44578 | I143: 44572 | J143: 25
A144: 2463 | B144: 31 | C144: Female | D144: 3 | E144: PPP | F144: N | G144: 0 | H144: 44576 | I144: 44564 | J144: 25
A145: 2475 | B145: 48 | C145: Female | D145: 3 | E145: VVV | F145: N | G145: 0 | H145: 44577 | I145: 44565 | J145: 25
A146: 2494 | B146: 57 | C146: Female | D146: 3 | E146: PPP | F146: N | G146: 0 | H146: 44578 | I146: 44572 | J146: 25
A147: 2504 | B147: 32 | C147: Female | D147: 3 | E147: PPP | F147: N | G147: 0 | H147: 44578 | I147: 44570 | J147: 25
A148: 2523 | B148: 33 | C148: Male | D148: 3 | E148: PPP | F148: N | G148: 0 | H148: 44578 | I148: 44570 | J148: 25
... A195: 1175 | B195: 36 | C195: Male | D195: 3 | E195: PPP | F195: N | G195: 0 | H195: 44574 | I195: 44560 | J195: 14
A196: 2326 | D196: 3 | E196: PPP | F196: N | G196: 0 | H196: 44577 | I196: 44560 | J196: 23
A197: 2367 | D197: 3 | E197: PPP | F197: N | G197: 0 | H197: 44577 | I197: 44560 | J197: 23
A198: 112 | B198: 48 | C198: Male | D198: 3 | E198: PPP | F198: N | G198: 0 | H198: 44574 | I198: 44560 | J198: 1
A199: 453 | B199: 50 | C199: Male | D199: 3 | E199: PPP | F199: N | G199: 0 | H199: 44569 | I199: 44560 | J199: 1
A200: 521 | B200: 40 | C200: Female | D200: 3 | E200: PPP | F200: N | G200: 0 | H200: 44569 | I200: 44560 | J200: 1
A201: 623 | B201: 34 | C201: Female | D201: 3 | E201: PPP | F201: N | G201: 0 | H201: 44576 | I201: 44560 | J201: 10
A202: 661 | B202: 48 | C202: Male | D202: 3 | E202: PVV | F202: Y | G202: 0 | H202: 44576 | I202: 44560 | J202: 10
A203: 666 | B203: 32 | C203: Male | D203: 3 | E203: VPP | F203: Y | G203: 0 | H203: 44576 | I203: 44560 | J203: 10
A204: 686 | B204: 32 | C204: Female | D204: 3 | E204: P_V | F204: Y | G204: 0 | H204: 44576 | I204: 44560 | J204: 10
A205: 745 | B205: 43 | C205: Male | D205: 3 | E205: PPP | F205: N | G205: 0 | H205: 44576 | I205: 44560 | J205: 10
A206: 852 | B206: 46 | C206: Male | D206: 3 | E206: PPP | F206: N | G206: 0 | H206: 44576 | I206: 44560 | J206: 11
A207: 2074 | B207: 33 | C207: Female | D207: 3 | E207: PPP | F207: N | G207: 0 | H207: 44571 | I207: 44560 | J207: 20
A208: 2617 | B208: 24 | C208: Male | D208: 3 | E208: VVV | F208: N | G208: 0 | H208: 44574 | I208: 44560 | J208: 26
A209: 2693 | B209: 24 | C209: Male | D209: 3 | E209: VVV | F209: N | G209: 0 | H209: 44574 | I209: 44560 | J209: 26
... A211: 2830 | B211: 22 | C211: Male | D211: 3 | E211: PPP | F211: N | G211: 0 | H211: 44573 | I211: 44560 | J211: 3
A212: 3012 | D212: 3 | E212: PPP | F212: N | G212: 0 | H212: 44576 | I212: 44560 | J212: 32
A213: 3063 | B213: 39 | C213: Male | D213: 3 | E213: PPP | F213: N | G213: 0 | H213: 44574 | I213: 44560 | J213: 4
A214: 3100 | B214: 49 | C214: Male | D214: 3 | E214: VVV | F214: N | G214: 0 | H214: 44568 | I214: 44560 | J214: 4
A215: 3120 | B215: 47 | C215: Female | D215: 3 | E215: VVV | F215: N | G215: 0 | H215: 44568 | I215: 44560 | J215: 4
A216: 3163 | B216: 43 | C216: Male | D216: 3 | E216: PPP | F216: N | G216: 0 | H216: 44568 | I216: 44560 | J216: 4
A217: 3209 | B217: 37 | C217: Female | D217: 3 | E217: PPP | F217: N | G217: 0 | H217: 44574 | I217: 44560 | J217: 4
A218: 3247 | B218: 44 | C218: Male | D218: 3 | E218: PPP | F218: N | G218: 0 | H218: 44568 | I218: 44560 | J218: 4
A219: 3853 | B219: 59 | C219: Male | D219: 3 | E219: PPP | F219: N | G219: 0 | H219: 44576 | I219: 44560 | J219: 8
A220: 920 | B220: 29 | C220: Female | D220: 3 | E220: PPP | F220: N | G220: 0 | H220: 44574 | I220: 44559 | J220: 12
A221: 923 | B221: 48 | C221: Female | D221: 3 | E221: PPP | F221: N | G221: 0 | H221: 44574 | I221: 44559 | J221: 12
A222: 926 | B222: 41 | C222: Female | D222: 3 | E222: PPP | F222: N | G222: 0 | H222: 44574 | I222: 44559 | J222: 12
A223: 931 | B223: 29 | C223: Male | D223: 3 | E223: PPP | F223: N | G223: 0 | H223: 44574 | I223: 44559 | J223: 12
A224: 932 | B224: 33 | C224: Female | D224: 3 | E224: PPP | F224: N | G224: 0 | H224: 44574 | I224: 44559 | J224: 12
... A288: 2869 | B288: 28 | C288: Male | D288: 3 | E288: PPP | F288: N | G288: 0 | H288: 44574 | I288: 44558 | J288: 3
A289: 3017 | D289: 3 | E289: PPP | F289: N | G289: 0 | H289: 44576 | I289: 44558 | J289: 32
A290: 3019 | D290: 3 | E290: PPP | F290: N | G290: 0 | H290: 44576 | I290: 44558 | J290: 32
A291: 3114 | B291: 51 | C291: Female | D291: 3 | E291: PPP | F291: N | G291: 0 | H291: 44568 | I291: 44558 | J291: 4
A292: 1018 | B292: 37 | C292: Male | D292: 3 | E292: PPP | F292: N | G292: 0 | H292: 44574 | I292: 44557 | J292: 12
A293: 1426 | B293: 38 | C293: Male | D293: 3 | E293: PPP | F293: N | G293: 0 | H293: 44577 | I293: 44557 | J293: 16
A294: 2422 | B294: 28 | C294: Male | D294: 3 | E294: PPP | F294: N | G294: 0 | H294: 44576 | I294: 44557 | J294: 24
A295: 2432 | B295: 36 | C295: Male | D295: 3 | E295: PPP | F295: N | G295: 0 | H295: 44576 | I295: 44557 | J295: 24
A296: 3948 | B296: 25 | C296: Male | D296: 3 | E296: PPP | F296: N | G296: 0 | H296: 44576 | I296: 44557 | J296: 9
A297: 1114 | B297: 54 | C297: Male | D297: 3 | E297: PPP | F297: N | G297: 0 | H297: 44574 | I297: 44557 | J297: 14
A298: 3448 | B298: 30 | C298: Male | D298: 3 | E298: PVV | F298: Y | G298: 0 | H298: 44569 | I298: 44557 | J298: 6
A299: 3548 | B299: 50 | C299: Female | D299: 3 | E299: PPP | F299: N | G299: 0 | H299: 44574 | I299: 44557 | J299: 6
A300: 3612 | B300: 21 | C300: Male | D300: 3 | E300: VVV | F300: N | G300: 0 | H300: 44569 | I300: 44557 | J300: 6
A301: 3838 | B301: 41 | C301: Male | D301: 3 | E301: VVV | F301: N | G301: 0 | H301: 44573 | I301: 44557 | J301: 8
A302: 86 | B302: 46 | C302: Female | D302: 3 | E302: PPP | F302: N | G302: 0 | H302: 44569 | I302: 44557 | J302: 1
... A336: 2038 | B336: 28 | C336: Female | D336: 3 | E336: PPP | F336: N | G336: 0 | H336: 44571 | I336: 44555 | J336: 20
A337: 3016 | D337: 3 | E337: PPP | F337: N | G337: 0 | H337: 44576 | I337: 44555 | J337: 32
A338: 3956 | B338: 35 | C338: Male | D338: 3 | E338: VVV | F338: N | G338: 0 | H338: 44574 | I338: 44555 | J338: 9
A339: 775 | B339: 53 | C339: Male | D339: 3 | E339: VVV | F339: N | G339: 0 | H339: 44573 | I339: 44554 | J339: 11
A340: 2133 | B340: 48 | C340: Male | D340: 3 | E340: VVV | F340: N | G340: 0 | H340: 44574 | I340: 44554 | J340: 21
A341: 2318 | D341: 3 | E341: VVV | F341: N | G341: 0 | H341: 44577 | I341: 44554 | J341: 23
A342: 3781 | B342: 55 | C342: Male | D342: 3 | E342: PVV | F342: Y | G342: 0 | H342: 44575 | I342: 44554 | J342: 8
A343: 3782 | B343: 54 | C343: Female | D343: 3 | E343: PVV | F343: Y | G343: 0 | H343: 44575 | I343: 44554 | J343: 8
A344: 1961 | B344: 43 | C344: Male | D344: 3 | E344: PPP | F344: N | G344: 0 | H344: 44572 | I344: 44554 | J344: 2
A345: 2679 | B345: 23 | C345: Female | D345: 3 | E345: VPP | F345: Y | G345: 0 | H345: 44574 | I345: 44554 | J345: 26
A346: 3203 | B346: 38 | C346: Female | D346: 3 | E346: VVV | F346: N | G346: 0 | H346: 44574 | I346: 44554 | J346: 4
A347: 2469 | B347: 51 | C347: Male | D347: 3 | E347: PPP | F347: N | G347: 0 | H347: 44578 | I347: 44553 | J347: 25
A348: 2094 | B348: 41 | C348: Female | D348: 3 | E348: PPP | F348: N | G348: 0 | H348: 44574 | I348: 44553 | J348: 21
A349: 2598 | B349: 52 | C349: Male | D349: 3 | E349: VVV | F349: N | G349: 0 | H349: 44576 | I349: 44553 | J349: 25
A350: 2712 | B350: 20 | C350: Male | D350: 3 | E350: VVV | F350: N | G350: 0 | H350: 44574 | I350: 44553 | J350: 3
A351: 3805 | B351: 51 | C351: Male | D351: 3 | E351: PPP | F351: N | G351: 0 | H351: 44575 | I351: 44553 | J351: 8
A352: 3835 | B352: 41 | C352: Male | D352: 3 | E352: VPP | F352: Y | G352: 0 | H352: 44573 | I352: 44553 | J352: 8
A353: 662 | B353: 22 | C353: Female | D353: 3 | E353: VVV | F353: N | G353: 0 | H353: 44576 | I353: 44553 | J353: 10
... A404: 2803 | B404: 47 | C404: Male | D404: 3 | E404: PPP | F404: N | G404: 0 | H404: 44574 | I404: 44549 | J404: 3
A405: 3007 | D405: 3 | E405: VVV | F405: N | G405: 0 | H405: 44576 | I405: 44549 | J405: 32
A406: 3116 | B406: 46 | C406: Female | D406: 3 | E406: VVV | F406: N | G406: 0 | H406: 44568 | I406: 44549 | J406: 4
A407: 3646 | B407: 38 | C407: Male | D407: 3 | E407: PPP | F407: N | G407: 0 | H407: 44575 | I407: 44539 | J407: 8
A408: 2214 | B408: 37 | C408: Male | D408: 3 | E408: PPP | F408: N | G408: 0 | H408: 44576 | I408: 44548 | J408: 22
A409: 2265 | B409: 39 | C409: Female | D409: 3 | E409: VVV | F409: N | G409: 0 | H409: 44576 | I409: 44548 | J409: 22
...

Sheet Sheet2
A1: id | B1: id_name | C1: id_cases | D1: name | E1: gender | F1: gender | G1: age | H1: lastexposedate | J1: lastvaccinedate | K1: outcome | L1: vaccine | M1: aaa | N1: vaccine_type | O1: vaccine_mix | P1: 第一针接种日期 | Q1: 第一针厂家 | R1: 第二针接种日期 | S1: 第二针厂家 | T1: 第三针接种日期 | U1: 第三针厂家
A2: 6 | B2: 杨宏 | C2: =IFERROR(VLOOKUP(B2,code!$F$1:$G$39,2,FALSE),"") -> 1 | D2: 刘亦雯 | E2: =IF(F2="男","Male",IF(F2="女", "Female", "")) -> Female | F2: 女 | G2: 4 | H2: 44574 | I2: =IFERROR(DATEVALUE(H2),H2) -> 44574 | J2: =MAX(P2,R2,T2) -> 44564 | K2: =_xlfn.IFNA(VLOOKUP(D2,code!F:G,1,FALSE),"") | L2: 1 | M2: =Q2&"_"&S2&"_"&U2 -> 兰州生物__ | N2: =VLOOKUP(M2,code!A:B,2,FALSE) -> P | O2: =VLOOKUP(M2,code!A:C,3,FALSE) -> N | P2: 44564 | Q2: 兰州生物
A3: 11 | B3: 杨宏 | C3: =IFERROR(VLOOKUP(B3,code!$F$1:$G$39,2,FALSE),"") -> 1 | D3: 朱红星 | E3: =IF(F3="男","Male",IF(F3="女", "Female", "")) -> Male | F3: 男 | G3: 31 | H3: 2022-1-8 | I3: =IFERROR(DATEVALUE(H3),H3) -> 44569 | J3: =MAX(P3,R3,T3) -> 44564 | K3: =_xlfn.IFNA(VLOOKUP(D3,code!F:G,1,FALSE),"") | L3: 3 | M3: =Q3&"_"&S3&"_"&U3 -> 北京生物_兰州生物_兰州生物 | N3: =VLOOKUP(M3,code!A:B,2,FALSE) -> PPP | O3: =VLOOKUP(M3,code!A:C,3,FALSE) -> N | P3: 44352 | Q3: 北京生物 | R3: 44374 | S3: 兰州生物 | T3: 44564 | U3: 兰州生物
A4: 29 | B4: 杨宏 | C4: =IFERROR(VLOOKUP(B4,code!$F$1:$G$39,2,FALSE),"") -> 1 | D4: 黄巧玲 | E4: =IF(F4="男","Male",IF(F4="女", "Female", "")) -> Female | F4: 女 | G4: 34 | H4: 2022-1-8 | I4: =IFERROR(DATEVALUE(H4),H4) -> 44569 | J4: =MAX(P4,R4,T4) -> 44574 | K4: =_xlfn.IFNA(VLOOKUP(D4,code!F:G,1,FALSE),"") | L4: 2 | M4: =Q4&"_"&S4&"_"&U4 -> 北京生物_兰州生物_ | N4: =VLOOKUP(M4,code!A:B,2,FALSE) -> PP | O4: =VLOOKUP(M4,code!A:C,3,FALSE) -> N | P4: 44355 | Q4: 北京生物 | R4: 44574 | S4: 兰州生物
A5: 33 | B5: 杨宏 | C5: =IFERROR(VLOOKUP(B5,code!$F$1:$G$39,2,FALSE),"") -> 1 | D5: 宋小贤 | E5: =IF(F5="男","Male",IF(F5="女", "Female", "")) -> Male | F5: 男 | G5: 22 | H5: 2022-1-8 | I5: =IFERROR(DATEVALUE(H5),H5) -> 44569 | J5: =MAX(P5,R5,T5) -> 44569 | K5: =_xlfn.IFNA(VLOOKUP(D5,code!F:G,1,FALSE),"") | L5: 2 | M5: =Q5&"_"&S5&"_"&U5 -> 北京科兴中维_北京科兴中维_ | N5: =VLOOKUP(M5,code!A:B,2,FALSE) -> VV | O5: =VLOOKUP(M5,code!A:C,3,FALSE) -> N | P5: 44399 | Q5: 北京科兴中维 | R5: 44569 | S5: 北京科兴中维
A6: 64 | B6: 杨宏 | C6: =IFERROR(VLOOKUP(B6,code!$F$1:$G$39,2,FALSE),"") -> 1 | D6: 周容葵 | E6: =IF(F6="男","Male",IF(F6="女", "Female", "")) -> Male | F6: 男 | G6: 59 | H6: 2022-1-8 | I6: =IFERROR(DATEVALUE(H6),H6) -> 44569 | J6: =MAX(P6,R6,T6) -> 44569 | K6: =_xlfn.IFNA(VLOOKUP(D6,code!F:G,1,FALSE),"") | L6: 1 | M6: =Q6&"_"&S6&"_"&U6 -> 兰州生物__ | N6: =VLOOKUP(M6,code!A:B,2,FALSE) -> P | O6: =VLOOKUP(M6,code!A:C,3,FALSE) -> N | P6: 44569 | Q6: 兰州生物
A7: 66 | B7: 杨宏 | C7: =IFERROR(VLOOKUP(B7,code!$F$1:$G$39,2,FALSE),"") -> 1 | D7: 程双奎 | E7: =IF(F7="男","Male",IF(F7="女", "Female", "")) -> Male | F7: 男 | G7: 46 | H7: 2022-1-8 | I7: =IFERROR(DATEVALUE(H7),H7) -> 44569 | J7: =MAX(P7,R7,T7) -> 44570 | K7: =_xlfn.IFNA(VLOOKUP(D7,code!F:G,1,FALSE),"") | L7: 3 | M7: =Q7&"_"&S7&"_"&U7 -> 北京生物_兰州生物_长春生物 | N7: =VLOOKUP(M7,code!A:B,2,FALSE) -> PPP | O7: =VLOOKUP(M7,code!A:C,3,FALSE) -> N | P7: 44355 | Q7: 北京生物 | R7: 44376 | S7: 兰州生物 | T7: 44570 | U7: 长春生物
A8: 100 | B8: 杨宏 | C8: =IFERROR(VLOOKUP(B8,code!$F$1:$G$39,2,FALSE),"") -> 1 | D8: 林建安 | E8: =IF(F8="男","Male",IF(F8="女", "Female", "")) -> Male | F8: 男 | G8: 30 | H8: 2022-1-8 | I8: =IFERROR(DATEVALUE(H8),H8) -> 44569 | J8: =MAX(P8,R8,T8) -> 44571 | K8: =_xlfn.IFNA(VLOOKUP(D8,code!F:G,1,FALSE),"") | L8: 3 | M8: =Q8&"_"&S8&"_"&U8 -> 北京生物_北京生物_兰州生物 | N8: =VLOOKUP(M8,code!A:B,2,FALSE) -> PPP | O8: =VLOOKUP(M8,code!A:C,3,FALSE) -> N | P8: 44310 | Q8: 北京生物 | R8: 44383 | S8: 北京生物 | T8: 44571 | U8: 兰州生物
A9: 109 | B9: 杨宏 | C9: =IFERROR(VLOOKUP(B9,code!$F$1:$G$39,2,FALSE),"") -> 1 | D9: 杨简善 | E9: =IF(F9="男","Male",IF(F9="女", "Female", "")) -> Female | F9: 女 | G9: 57 | H9: 44574 | I9: =IFERROR(DATEVALUE(H9),H9) -> 44574 | J9: =MAX(P9,R9,T9) -> 44563 | K9: 1 | L9: 3 | M9: =Q9&"_"&S9&"_"&U9 -> 北京生物_北京科兴中维_北京科兴中维 | N9: =VLOOKUP(M9,code!A:B,2,FALSE) -> PVV | O9: =VLOOKUP(M9,code!A:C,3,FALSE) -> Y | P9: 44353 | Q9: 北京生物 | R9: 44379 | S9: 北京科兴中维 | T9: 44563 | U9: 北京科兴中维
A10: 126 | B10: 杨宏 | C10: =IFERROR(VLOOKUP(B10,code!$F$1:$G$39,2,FALSE),"") -> 1 | D10: 朱小琴 | E10: =IF(F10="男","Male",IF(F10="女", "Female", "")) -> Female | F10: 女 | G10: 50 | H10: 2022-1-8 | I10: =IFERROR(DATEVALUE(H10),H10) -> 44569 | J10: =MAX(P10,R10,T10) -> 44572 | K10: =_xlfn.IFNA(VLOOKUP(D10,code!F:G,1,FALSE),"") | L10: 3 | M10: =Q10&"_"&S10&"_"&U10 -> 北京生物_北京生物_兰州生物 | N10: =VLOOKUP(M10,code!A:B,2,FALSE) -> PPP | O10: =VLOOKUP(M10,code!A:C,3,FALSE) -> N | P10: 44353 | Q10: 北京生物 | R10: 44382 | S10: 北京生物 | T10: 44572 | U10: 兰州生物
A11: 127 | B11: 杨宏 | C11: =IFERROR(VLOOKUP(B11,code!$F$1:$G$39,2,FALSE),"") -> 1 | D11: 苏雨桐 | E11: =IF(F11="男","Male",IF(F11="女", "Female", "")) -> Female | F11: 女 | G11: 6 | H11: 2022-1-8 | I11: =IFERROR(DATEVALUE(H11),H11) -> 44569 | J11: =MAX(P11,R11,T11) -> 44562 | K11: =_xlfn.IFNA(VLOOKUP(D11,code!F:G,1,FALSE),"") | L11: 2 | M11: =Q11&"_"&S11&"_"&U11 -> 成都生物_兰州生物_ | N11: =VLOOKUP(M11,code!A:B,2,FALSE) -> PP | O11: =VLOOKUP(M11,code!A:C,3,FALSE) -> N | P11: 44509 | Q11: 成都生物 | R11: 44562 | S11: 兰州生物
A12: 135 | B12: 杨宏 | C12: =IFERROR(VLOOKUP(B12,code!$F$1:$G$39,2,FALSE),"") -> 1 | D12: 包善杰 | E12: =IF(F12="男","Male",IF(F12="女", "Female", "")) -> Female | F12: 女 | G12: 53 | H12: 2022-1-8 | I12: =IFERROR(DATEVALUE(H12),H12) -> 44569 | J12: =MAX(P12,R12,T12) -> 44563 | K12: =_xlfn.IFNA(VLOOKUP(D12,code!F:G,1,FALSE),"") | L12: 3 | M12: =Q12&"_"&S12&"_"&U12 -> 北京生物_北京生物_兰州生物 | N12: =VLOOKUP(M12,code!A:B,2,FALSE) -> PPP | O12: =VLOOKUP(M12,code!A:C,3,FALSE) -> N | P12: 44297 | Q12: 北京生物 | R12: 44346 | S12: 北京生物 | T12: 44563 | U12: 兰州生物
A13: 136 | B13: 杨宏 | C13: =IFERROR(VLOOKUP(B13,code!$F$1:$G$39,2,FALSE),"") -> 1 | D13: 黄舒琼 | E13: =IF(F13="男","Male",IF(F13="女", "Female", "")) -> Female | F13: 女 | G13: 31 | H13: 2022-1-8 | I13: =IFERROR(DATEVALUE(H13),H13) -> 44569 | J13: =MAX(P13,R13,T13) -> 44567 | K13: =_xlfn.IFNA(VLOOKUP(D13,code!F:G,1,FALSE),"") | L13: 3 | M13: =Q13&"_"&S13&"_"&U13 -> 北京生物_兰州生物_兰州生物 | N13: =VLOOKUP(M13,code!A:B,2,FALSE) -> PPP | O13: =VLOOKUP(M13,code!A:C,3,FALSE) -> N | P13: 44352 | Q13: 北京生物 | R13: 44375 | S13: 兰州生物 | T13: 44567 | U13: 兰州生物
A14: 144 | B14: 杨宏 | C14: =IFERROR(VLOOKUP(B14,code!$F$1:$G$39,2,FALSE),"") -> 1 | D14: 杨菲 | E14: =IF(F14="男","Male",IF(F14="女", "Female", "")) -> Female | F14: 女 | G14: 24 | H14: 2022-1-8 | I14: =IFERROR(DATEVALUE(H14),H14) -> 44569 | J14: =MAX(P14,R14,T14) -> 44570 | K14: =_xlfn.IFNA(VLOOKUP(D14,code!F:G,1,FALSE),"") | L14: 3 | M14: =Q14&"_"&S14&"_"&U14 -> 北京生物_兰州生物_兰州生物 | N14: =VLOOKUP(M14,code!A:B,2,FALSE) -> PPP | O14: =VLOOKUP(M14,code!A:C,3,FALSE) -> N | P14: 44353 | Q14: 北京生物 | R14: 44375 | S14: 兰州生物 | T14: 44570 | U14: 兰州生物
A15: 160 | B15: 杨宏 | C15: =IFERROR(VLOOKUP(B15,code!$F$1:$G$39,2,FALSE),"") -> 1 | D15: 何军华 | E15: =IF(F15="男","Male",IF(F15="女", "Female", "")) -> Male | F15: 男 | G15: 53 | H15: 2022-1-8 | I15: =IFERROR(DATEVALUE(H15),H15) -> 44569 | J15: =MAX(P15,R15,T15) -> 44569 | K15: =_xlfn.IFNA(VLOOKUP(D15,code!F:G,1,FALSE),"") | L15: 3 | M15: =Q15&"_"&S15&"_"&U15 -> 北京科兴中维_北京科兴中维_北京科兴中维 | N15: =VLOOKUP(M15,code!A:B,2,FALSE) -> VVV | O15: =VLOOKUP(M15,code!A:C,3,FALSE) -> N | P15: 44357 | Q15: 北京科兴中维 | R15: 44385 | S15: 北京科兴中维 | T15: 44569 | U15: 北京科兴中维
A16: 196 | B16: 杨宏 | C16: =IFERROR(VLOOKUP(B16,code!$F$1:$G$39,2,FALSE),"") -> 1 | D16: 张彤惜 | E16: =IF(F16="男","Male",IF(F16="女", "Female", "")) -> Female | F16: 女 | G16: 4 | H16: 44574 | I16: =IFERROR(DATEVALUE(H16),H16) -> 44574 | J16: =MAX(P16,R16,T16) -> 44572 | K16: =_xlfn.IFNA(VLOOKUP(D16,code!F:G,1,FALSE),"") | L16: 2 | M16: =Q16&"_"&S16&"_"&U16 -> 成都生物_兰州生物_ | N16: =VLOOKUP(M16,code!A:B,2,FALSE) -> PP | O16: =VLOOKUP(M16,code!A:C,3,FALSE) -> N | P16: 44527 | Q16: 成都生物 | R16: 44572 | S16: 兰州生物
A17: 203 | B17: 杨宏 | C17: =IFERROR(VLOOKUP(B17,code!$F$1:$G$39,2,FALSE),"") -> 1 | D17: 高颂贻 | E17: =IF(F17="男","Male",IF(F17="女", "Female", "")) -> Female | F17: 女 | G17: 5 | H17: 44572 | I17: =IFERROR(DATEVALUE(H17),H17) -> 44572 | J17: =MAX(P17,R17,T17) -> 44570 | K17: =_xlfn.IFNA(VLOOKUP(D17,code!F:G,1,FALSE),"") | L17: 2 | M17: =Q17&"_"&S17&"_"&U17 -> 成都生物_兰州生物_ | N17: =VLOOKUP(M17,code!A:B,2,FALSE) -> PP | O17: =VLOOKUP(M17,code!A:C,3,FALSE) -> N | P17: 44520 | Q17: 成都生物 | R17: 44570 | S17: 兰州生物
A18: 222 | B18: 杨宏 | C18: =IFERROR(VLOOKUP(B18,code!$F$1:$G$39,2,FALSE),"") -> 1 | D18: 刘建林 | E18: =IF(F18="男","Male",IF(F18="女", "Female", "")) -> Male | F18: 男 | G18: 6 | H18: 44574 | I18: =IFERROR(DATEVALUE(H18),H18) -> 44574 | J18: =MAX(P18,R18,T18) -> 44570 | K18: =_xlfn.IFNA(VLOOKUP(D18,code!F:G,1,FALSE),"") | L18: 2 | M18: =Q18&"_"&S18&"_"&U18 -> 兰州生物_兰州生物_ | N18: =VLOOKUP(M18,code!A:B,2,FALSE) -> PP | O18: =VLOOKUP(M18,code!A:C,3,FALSE) -> N | P18: 44539 | Q18: 兰州生物 | R18: 44570 | S18: 兰州生物
A19: 250 | B19: 杨宏 | C19: =IFERROR(VLOOKUP(B19,code!$F$1:$G$39,2,FALSE),"") -> 1 | D19: 谭禹宸 | E19: =IF(F19="男","Male",IF(F19="女", "Female", "")) -> Male | F19: 男 | G19: 5 | H19: 44574 | I19: =IFERROR(DATEVALUE(H19),H19) -> 44574 | J19: =MAX(P19,R19,T19) -> 44569 | K19: =_xlfn.IFNA(VLOOKUP(D19,code!F:G,1,FALSE),"") | L19: 2 | M19: =Q19&"_"&S19&"_"&U19 -> 成都生物_兰州生物_ | N19: =VLOOKUP(M19,code!A:B,2,FALSE) -> PP | O19: =VLOOKUP(M19,code!A:C,3,FALSE) -> N | P19: 44518 | Q19: 成都生物 | R19: 44569 | S19: 兰州生物
A20: 253 | B20: 杨宏 | C20: =IFERROR(VLOOKUP(B20,code!$F$1:$G$39,2,FALSE),"") -> 1 | D20: 杨钰婷 | E20: =IF(F20="男","Male",IF(F20="女", "Female", "")) -> Female | F20: 女 | G20: 6 | H20: 44574 | I20: =IFERROR(DATEVALUE(H20),H20) -> 44574 | J20: =MAX(P20,R20,T20) -> 44566 | K20: =_xlfn.IFNA(VLOOKUP(D20,code!F:G,1,FALSE),"") | L20: 2 | M20: =Q20&"_"&S20&"_"&U20 -> 成都生物_兰州生物_ | N20: =VLOOKUP(M20,code!A:B,2,FALSE) -> PP | O20: =VLOOKUP(M20,code!A:C,3,FALSE) -> N | P20: 44539 | Q20: 成都生物 | R20: 44566 | S20: 兰州生物
A21: 257 | B21: 杨宏 | C21: =IFERROR(VLOOKUP(B21,code!$F$1:$G$39,2,FALSE),"") -> 1 | D21: 麦嘉诚 | E21: =IF(F21="男","Male",IF(F21="女", "Female", "")) -> Male | F21: 男 | G21: 5 | H21: 44574 | I21: =IFERROR(DATEVALUE(H21),H21) -> 44574 | J21: =MAX(P21,R21,T21) -> 44569 | K21: =_xlfn.IFNA(VLOOKUP(D21,code!F:G,1,FALSE),"") | L21: 2 | M21: =Q21&"_"&S21&"_"&U21 -> 成都生物_兰州生物_ | N21: =VLOOKUP(M21,code!A:B,2,FALSE) -> PP | O21: =VLOOKUP(M21,code!A:C,3,FALSE) -> N | P21: 44521 | Q21: 成都生物 | R21: 44569 | S21: 兰州生物
A22: 275 | B22: 杨宏 | C22: =IFERROR(VLOOKUP(B22,code!$F$1:$G$39,2,FALSE),"") -> 1 | D22: 郑苏雅 | E22: =IF(F22="男","Male",IF(F22="女", "Female", "")) -> Female | F22: 女 | G22: 4 | H22: 44574 | I22: =IFERROR(DATEVALUE(H22),H22) -> 44574 | J22: =MAX(P22,R22,T22) -> 44571 | K22: =_xlfn.IFNA(VLOOKUP(D22,code!F:G,1,FALSE),"") | L22: 1 | M22: =Q22&"_"&S22&"_"&U22 -> 兰州生物__ | N22: =VLOOKUP(M22,code!A:B,2,FALSE) -> P | O22: =VLOOKUP(M22,code!A:C,3,FALSE) -> N | P22: 44571 | Q22: 兰州生物
A23: 293 | B23: 杨宏 | C23: =IFERROR(VLOOKUP(B23,code!$F$1:$G$39,2,FALSE),"") -> 1 | D23: 李欣芸 | E23: =IF(F23="男","Male",IF(F23="女", "Female", "")) -> Female | F23: 女 | G23: 4 | H23: 44574 | I23: =IFERROR(DATEVALUE(H23),H23) -> 44574 | J23: =MAX(P23,R23,T23) -> 44571 | K23: =_xlfn.IFNA(VLOOKUP(D23,code!F:G,1,FALSE),"") | L23: 1 | M23: =Q23&"_"&S23&"_"&U23 -> 兰州生物__ | N23: =VLOOKUP(M23,code!A:B,2,FALSE) -> P | O23: =VLOOKUP(M23,code!A:C,3,FALSE) -> N | P23: 44571 | Q23: 兰州生物
A24: 995 | B24: 莫谏妹 | C24: =IFERROR(VLOOKUP(B24,code!$F$1:$G$39,2,FALSE),"") -> 12 | D24: 吴怀忠 | E24: =IF(F24="男","Male",IF(F24="女", "Female", "")) -> Male | F24: 男 | G24: 38 | H24: 44574 | I24: =IFERROR(DATEVALUE(H24),H24) -> 44574 | J24: =MAX(P24,R24,T24) -> 44541 | K24: =_xlfn.IFNA(VLOOKUP(D24,code!F:G,1,FALSE),"") | L24: 3 | M24: =Q24&"_"&S24&"_"&U24 -> 北京科兴中维__北京科兴中维 | N24: =VLOOKUP(M24,code!A:B,2,FALSE) -> V_V | O24: =VLOOKUP(M24,code!A:C,3,FALSE) -> N | P24: 44293 | Q24: 北京科兴中维 | T24: 44541 | U24: 北京科兴中维
A25: 294 | B25: 杨宏 | C25: =IFERROR(VLOOKUP(B25,code!$F$1:$G$39,2,FALSE),"") -> 1 | D25: 曾雨汐 | E25: =IF(F25="男","Male",IF(F25="女", "Female", "")) -> Female | F25: 女 | G25: 4 | H25: 44574 | I25: =IFERROR(DATEVALUE(H25),H25) -> 44574 | J25: =MAX(P25,R25,T25) -> 44570 | K25: =_xlfn.IFNA(VLOOKUP(D25,code!F:G,1,FALSE),"") | L25: 2 | M25: =Q25&"_"&S25&"_"&U25 -> 成都生物_兰州生物_ | N25: =VLOOKUP(M25,code!A:B,2,FALSE) -> PP | O25: =VLOOKUP(M25,code!A:C,3,FALSE) -> N | P25: 44521 | Q25: 成都生物 | R25: 44570 | S25: 兰州生物
A26: 299 | B26: 杨宏 | C26: =IFERROR(VLOOKUP(B26,code!$F$1:$G$39,2,FALSE),"") -> 1 | D26: 莫青梅 | E26: =IF(F26="男","Male",IF(F26="女", "Female", "")) -> Female | F26: 女 | G26: 28 | H26: 44574 | I26: =IFERROR(DATEVALUE(H26),H26) -> 44574 | J26: =MAX(P26,R26,T26) -> 44565 | K26: 1 | L26: 3 | M26: =Q26&"_"&S26&"_"&U26 -> 北京生物_兰州生物_兰州生物 | N26: =VLOOKUP(M26,code!A:B,2,FALSE) -> PPP | O26: =VLOOKUP(M26,code!A:C,3,FALSE) -> N | P26: 44353 | Q26: 北京生物 | R26: 44374 | S26: 兰州生物 | T26: 44565 | U26: 兰州生物
A27: 304 | B27: 杨宏 | C27: =IFERROR(VLOOKUP(B27,code!$F$1:$G$39,2,FALSE),"") -> 1 | D27: 谢米诺 | E27: =IF(F27="男","Male",IF(F27="女", "Female", "")) -> Male | F27: 男 | G27: 4 | H27: 44574 | I27: =IFERROR(DATEVALUE(H27),H27) -> 44574 | J27: =MAX(P27,R27,T27) -> 44569 | K27: 1 | L27: 2 | M27: =Q27&"_"&S27&"_"&U27 -> 兰州生物_兰州生物_ | N27: =VLOOKUP(M27,code!A:B,2,FALSE) -> PP | O27: =VLOOKUP(M27,code!A:C,3,FALSE) -> N | P27: 44534 | Q27: 兰州生物 | R27: 44569 | S27: 兰州生物
A28: 345 | B28: 杨宏 | C28: =IFERROR(VLOOKUP(B28,code!$F$1:$G$39,2,FALSE),"") -> 1 | D28: 周小灵 | E28: =IF(F28="男","Male",IF(F28="女", "Female", "")) -> Female | F28: 女 | G28: 54 | H28: 44574 | I28: =IFERROR(DATEVALUE(H28),H28) -> 44574 | J28: =MAX(P28,R28,T28) -> 44567 | K28: =_xlfn.IFNA(VLOOKUP(D28,code!F:G,1,FALSE),"") | L28: 3 | M28: =Q28&"_"&S28&"_"&U28 -> 北京科兴中维_北京生物_兰州生物 | N28: =VLOOKUP(M28,code!A:B,2,FALSE) -> VPP | O28: =VLOOKUP(M28,code!A:C,3,FALSE) -> Y | P28: 44294 | Q28: 北京科兴中维 | R28: 44339 | S28: 北京生物 | T28: 44567 | U28: 兰州生物
A29: 370 | B29: 杨宏 | C29: =IFERROR(VLOOKUP(B29,code!$F$1:$G$39,2,FALSE),"") -> 1 | D29: 温靖杰 | E29: =IF(F29="男","Male",IF(F29="女", "Female", "")) -> Male | F29: 男 | G29: 5 | H29: 2022-1-13 | I29: =IFERROR(DATEVALUE(H29),H29) -> 44574 | J29: =MAX(P29,R29,T29) -> 44564 | K29: =_xlfn.IFNA(VLOOKUP(D29,code!F:G,1,FALSE),"") | L29: 2 | M29: =Q29&"_"&S29&"_"&U29 -> 成都生物_兰州生物_ | N29: =VLOOKUP(M29,code!A:B,2,FALSE) -> PP | O29: =VLOOKUP(M29,code!A:C,3,FALSE) -> N | P29: 44513 | Q29: 成都生物 | R29: 44564 | S29: 兰州生物
A30: 419 | B30: 杨宏 | C30: =IFERROR(VLOOKUP(B30,code!$F$1:$G$39,2,FALSE),"") -> 1 | D30: 江文盛 | E30: =IF(F30="男","Male",IF(F30="女", "Female", "")) -> Male | F30: 男 | G30: 4 | H30: 2022-1-13 | I30: =IFERROR(DATEVALUE(H30),H30) -> 44574 | J30: =MAX(P30,R30,T30) -> 44569 | K30: =_xlfn.IFNA(VLOOKUP(D30,code!F:G,1,FALSE),"") | L30: 2 | M30: =Q30&"_"&S30&"_"&U30 -> 成都生物_兰州生物_ | N30: =VLOOKUP(M30,code!A:B,2,FALSE) -> PP | O30: =VLOOKUP(M30,code!A:C,3,FALSE) -> N | P30: 44528 | Q30: 成都生物 | R30: 44569 | S30: 兰州生物
A31: 428 | B31: 杨宏 | C31: =IFERROR(VLOOKUP(B31,code!$F$1:$G$39,2,FALSE),"") -> 1 | D31: 杨均宇 | E31: =IF(F31="男","Male",IF(F31="女", "Female", "")) -> Male | F31: 男 | G31: 4 | H31: 2022-1-13 | I31: =IFERROR(DATEVALUE(H31),H31) -> 44574 | J31: =MAX(P31,R31,T31) -> 44565 | K31: =_xlfn.IFNA(VLOOKUP(D31,code!F:G,1,FALSE),"") | L31: 1 | M31: =Q31&"_"&S31&"_"&U31 -> 兰州生物__ | N31: =VLOOKUP(M31,code!A:B,2,FALSE) -> P | O31: =VLOOKUP(M31,code!A:C,3,FALSE) -> N | P31: 44565 | Q31: 兰州生物
A32: 438 | B32: 杨宏 | C32: =IFERROR(VLOOKUP(B32,code!$F$1:$G$39,2,FALSE),"") -> 1 | D32: 吴祖柱 | E32: =IF(F32="男","Male",IF(F32="女", "Female", "")) -> Male | F32: 男 | G32: 35 | H32: 2022-1-8 | I32: =IFERROR(DATEVALUE(H32),H32) -> 44569 | J32: =MAX(P32,R32,T32) -> 44570 | K32: =_xlfn.IFNA(VLOOKUP(D32,code!F:G,1,FALSE),"") | L32: 3 | M32: =Q32&"_"&S32&"_"&U32 -> 北京生物_北京生物_兰州生物 | N32: =VLOOKUP(M32,code!A:B,2,FALSE) -> PPP | O32: =VLOOKUP(M32,code!A:C,3,FALSE) -> N | P32: 44297 | Q32: 北京生物 | R32: 44347 | S32: 北京生物 | T32: 44570 | U32: 兰州生物
A33: 457 | B33: 杨宏 | C33: =IFERROR(VLOOKUP(B33,code!$F$1:$G$39,2,FALSE),"") -> 1 | D33: 黄兆平 | E33: =IF(F33="男","Male",IF(F33="女", "Female", "")) -> Male | F33: 男 | G33: 27 | H33: 2022-1-8 | I33: =IFERROR(DATEVALUE(H33),H33) -> 44569 | J33: =MAX(P33,R33,T33) -> 44572 | K33: =_xlfn.IFNA(VLOOKUP(D33,code!F:G,1,FALSE),"") | L33: 3 | M33: =Q33&"_"&S33&"_"&U33 -> 北京科兴中维_北京科兴中维_北京科兴中维 | N33: =VLOOKUP(M33,code!A:B,2,FALSE) -> VVV | O33: =VLOOKUP(M33,code!A:C,3,FALSE) -> N | P33: 44346 | Q33: 北京科兴中维 | R33: 44368 | S33: 北京科兴中维 | T33: 44572 | U33: 北京科兴中维
A34: 476 | B34: 杨宏 | C34: =IFERROR(VLOOKUP(B34,code!$F$1:$G$39,2,FALSE),"") -> 1 | D34: 雷沁 | E34: =IF(F34="男","Male",IF(F34="女", "Female", "")) -> Female | F34: 女 | G34: 28 | H34: 2022-1-8 | I34: =IFERROR(DATEVALUE(H34),H34) -> 44569 | J34: =MAX(P34,R34,T34) -> 44562 | K34: =_xlfn.IFNA(VLOOKUP(D34,code!F:G,1,FALSE),"") | L34: 3 | M34: =Q34&"_"&S34&"_"&U34 -> 北京科兴中维_北京科兴中维_北京科兴中维 | N34: =VLOOKUP(M34,code!A:B,2,FALSE) -> VVV | O34: =VLOOKUP(M34,code!A:C,3,FALSE) -> N | P34: 44300 | Q34: 北京科兴中维 | R34: 44328 | S34: 北京科兴中维 | T34: 44562 | U34: 北京科兴中维
A35: 484 | B35: 杨宏 | C35: =IFERROR(VLOOKUP(B35,code!$F$1:$G$39,2,FALSE),"") -> 1 | D35: 余子阳 | E35: =IF(F35="男","Male",IF(F35="女", "Female", "")) -> Male | F35: 男 | G35: 6 | H35: 2022-1-13 | I35: =IFERROR(DATEVALUE(H35),H35) -> 44574 | J35: =MAX(P35,R35,T35) -> 44569 | K35: =_xlfn.IFNA(VLOOKUP(D35,code!F:G,1,FALSE),"") | L35: 1 | M35: =Q35&"_"&S35&"_"&U35 -> 兰州生物__ | N35: =VLOOKUP(M35,code!A:B,2,FALSE) -> P | O35: =VLOOKUP(M35,code!A:C,3,FALSE) -> N | P35: 44569 | Q35: 兰州生物
A36: 488 | B36: 杨宏 | C36: =IFERROR(VLOOKUP(B36,code!$F$1:$G$39,2,FALSE),"") -> 1 | D36: 胡鹏程 | E36: =IF(F36="男","Male",IF(F36="女", "Female", "")) -> Male | F36: 男 | G36: 34 | H36: 2022-1-8 | I36: =IFERROR(DATEVALUE(H36),H36) -> 44569 | J36: =MAX(P36,R36,T36) -> 44569 | K36: =_xlfn.IFNA(VLOOKUP(D36,code!F:G,1,FALSE),"") | L36: 3 | M36: =Q36&"_"&S36&"_"&U36 -> 成都生物_北京生物_兰州生物 | N36: =VLOOKUP(M36,code!A:B,2,FALSE) -> PPP | O36: =VLOOKUP(M36,code!A:C,3,FALSE) -> N | P36: 44317 | Q36: 成都生物 | R36: 44352 | S36: 北京生物 | T36: 44569 | U36: 兰州生物
A37: 495 | B37: 杨宏 | C37: =IFERROR(VLOOKUP(B37,code!$F$1:$G$39,2,FALSE),"") -> 1 | D37: 徐家宝 | E37: =IF(F37="男","Male",IF(F37="女", "Female", "")) -> Male | F37: 男 | G37: 22 | H37: 2022-1-8 | I37: =IFERROR(DATEVALUE(H37),H37) -> 44569 | J37: =MAX(P37,R37,T37) -> 44567 | K37: =_xlfn.IFNA(VLOOKUP(D37,code!F:G,1,FALSE),"") | L37: 3 | M37: =Q37&"_"&S37&"_"&U37 -> 成都生物__北京科兴中维 | N37: =VLOOKUP(M37,code!A:B,2,FALSE) -> P_V | O37: =VLOOKUP(M37,code!A:C,3,FALSE) -> Y | P37: 44316 | Q37: 成都生物 | T37: 44567 | U37: 北京科兴中维
A38: 500 | B38: 杨宏 | C38: =IFERROR(VLOOKUP(B38,code!$F$1:$G$39,2,FALSE),"") -> 1 | D38: 叶洁玲 | E38: =IF(F38="男","Male",IF(F38="女", "Female", "")) -> Female | F38: 女 | G38: 41 | H38: 2022-1-8 | I38: =IFERROR(DATEVALUE(H38),H38) -> 44569 | J38: =MAX(P38,R38,T38) -> 44568 | K38: =_xlfn.IFNA(VLOOKUP(D38,code!F:G,1,FALSE),"") | L38: 3 | M38: =Q38&"_"&S38&"_"&U38 -> 北京生物_北京生物_兰州生物 | N38: =VLOOKUP(M38,code!A:B,2,FALSE) -> PPP | O38: =VLOOKUP(M38,code!A:C,3,FALSE) -> N | P38: 44304 | Q38: 北京生物 | R38: 44351 | S38: 北京生物 | T38: 44568 | U38: 兰州生物
A39: 518 | B39: 杨宏 | C39: =IFERROR(VLOOKUP(B39,code!$F$1:$G$39,2,FALSE),"") -> 1 | D39: 黄嘉娣 | E39: =IF(F39="男","Male",IF(F39="女", "Female", "")) -> Female | F39: 女 | G39: 25 | H39: 2022-1-8 | I39: =IFERROR(DATEVALUE(H39),H39) -> 44569 | J39: =MAX(P39,R39,T39) -> 44573 | K39: =_xlfn.IFNA(VLOOKUP(D39,code!F:G,1,FALSE),"") | L39: 3 | M39: =Q39&"_"&S39&"_"&U39 -> 北京生物_北京生物_兰州生物 | N39: =VLOOKUP(M39,code!A:B,2,FALSE) -> PPP | O39: =VLOOKUP(M39,code!A:C,3,FALSE) -> N | P39: 44306 | Q39: 北京生物 | R39: 44349 | S39: 北京生物 | T39: 44573 | U39: 兰州生物
A40: 554 | B40: 杨宏 | C40: =IFERROR(VLOOKUP(B40,code!$F$1:$G$39,2,FALSE),"") -> 1 | D40: 伍瑞麒 | E40: =IF(F40="男","Male",IF(F40="女", "Female", "")) -> Male | F40: 男 | G40: 20 | H40: 2022-1-8 | I40: =IFERROR(DATEVALUE(H40),H40) -> 44569 | J40: =MAX(P40,R40,T40) -> 44563 | K40: =_xlfn.IFNA(VLOOKUP(D40,code!F:G,1,FALSE),"") | L40: 3 | M40: =Q40&"_"&S40&"_"&U40 -> 北京科兴中维_北京生物_兰州生物 | N40: =VLOOKUP(M40,code!A:B,2,FALSE) -> VPP | O40: =VLOOKUP(M40,code!A:C,3,FALSE) -> Y | P40: 44301 | Q40: 北京科兴中维 | R40: 44353 | S40: 北京生物 | T40: 44563 | U40: 兰州生物
A41: 598 | B41: 谢米诺 | C41: =IFERROR(VLOOKUP(B41,code!$F$1:$G$39,2,FALSE),"") -> 10 | D41: 郭海波 | E41: =IF(F41="男","Male",IF(F41="女", "Female", "")) -> Male | F41: 男 | G41: 41 | H41: 2022-1-15 | I41: =IFERROR(DATEVALUE(H41),H41) -> 44576 | J41: =MAX(P41,R41,T41) -> 44567 | K41: =_xlfn.IFNA(VLOOKUP(D41,code!F:G,1,FALSE),"") | L41: 3 | M41: =Q41&"_"&S41&"_"&U41 -> 北京生物_兰州生物_兰州生物 | N41: =VLOOKUP(M41,code!A:B,2,FALSE) -> PPP | O41: =VLOOKUP(M41,code!A:C,3,FALSE) -> N | P41: 44306 | Q41: 北京生物 | R41: 44374 | S41: 兰州生物 | T41: 44567 | U41: 兰州生物
A42: 605 | B42: 谢米诺 | C42: =IFERROR(VLOOKUP(B42,code!$F$1:$G$39,2,FALSE),"") -> 10 | D42: 陈英 | E42: =IF(F42="男","Male",IF(F42="女", "Female", "")) -> Female | F42: 女 | G42: 28 | H42: 2022-1-12 | I42: =IFERROR(DATEVALUE(H42),H42) -> 44573 | J42: =MAX(P42,R42,T42) -> 44564 | K42: =_xlfn.IFNA(VLOOKUP(D42,code!F:G,1,FALSE),"") | L42: 3 | M42: =Q42&"_"&S42&"_"&U42 -> 北京生物_兰州生物_兰州生物 | N42: =VLOOKUP(M42,code!A:B,2,FALSE) -> PPP | O42: =VLOOKUP(M42,code!A:C,3,FALSE) -> N | P42: 44352 | Q42: 北京生物 | R42: 44376 | S42: 兰州生物 | T42: 44564 | U42: 兰州生物
A43: 619 | B43: 谢米诺 | C43: =IFERROR(VLOOKUP(B43,code!$F$1:$G$39,2,FALSE),"") -> 10 | D43: 廖海涛 | E43: =IF(F43="男","Male",IF(F43="女", "Female", "")) -> Male | F43: 男 | G43: 22 | H43: 2022-01-11 | I43: =IFERROR(DATEVALUE(H43),H43) -> 44572 | J43: =MAX(P43,R43,T43) -> 44573 | K43: =_xlfn.IFNA(VLOOKUP(D43,code!F:G,1,FALSE),"") | L43: 3 | M43: =Q43&"_"&S43&"_"&U43 -> 北京生物_北京生物_兰州生物 | N43: =VLOOKUP(M43,code!A:B,2,FALSE) -> PPP | O43: =VLOOKUP(M43,code!A:C,3,FALSE) -> N | P43: 44305 | Q43: 北京生物 | R43: 44350 | S43: 北京生物 | T43: 44573 | U43: 兰州生物
A44: 664 | B44: 谢米诺 | C44: =IFERROR(VLOOKUP(B44,code!$F$1:$G$39,2,FALSE),"") -> 10 | D44: 王永东 | E44: =IF(F44="男","Male",IF(F44="女", "Female", "")) -> Male | F44: 男 | G44: 51 | H44: 2022-01-15 | I44: =IFERROR(DATEVALUE(H44),H44) -> 44576 | J44: =MAX(P44,R44,T44) -> 44563 | K44: =_xlfn.IFNA(VLOOKUP(D44,code!F:G,1,FALSE),"") | L44: 3 | M44: =Q44&"_"&S44&"_"&U44 -> 北京生物__北京科兴中维 | N44: =VLOOKUP(M44,code!A:B,2,FALSE) -> P_V | O44: =VLOOKUP(M44,code!A:C,3,FALSE) -> Y | P44: 44352 | Q44: 北京生物 | T44: 44563 | U44: 北京科兴中维
A45: 679 | B45: 谢米诺 | C45: =IFERROR(VLOOKUP(B45,code!$F$1:$G$39,2,FALSE),"") -> 10 | D45: 刘菲 | E45: =IF(F45="男","Male",IF(F45="女", "Female", "")) -> Female | F45: 女 | G45: 48 | H45: 2022-01-15 | I45: =IFERROR(DATEVALUE(H45),H45) -> 44576 | J45: =MAX(P45,R45,T45) -> 44565 | K45: =_xlfn.IFNA(VLOOKUP(D45,code!F:G,1,FALSE),"") | L45: 3 | M45: =Q45&"_"&S45&"_"&U45 -> 北京生物_兰州生物_兰州生物 | N45: =VLOOKUP(M45,code!A:B,2,FALSE) -> PPP | O45: =VLOOKUP(M45,code!A:C,3,FALSE) -> N | P45: 44352 | Q45: 北京生物 | R45: 44374 | S45: 兰州生物 | T45: 44565 | U45: 兰州生物
A46: 710 | B46: 谢米诺 | C46: =IFERROR(VLOOKUP(B46,code!$F$1:$G$39,2,FALSE),"") -> 10 | D46: 廖普泽 | E46: =IF(F46="男","Male",IF(F46="女", "Female", "")) -> Male | F46: 男 | G46: 25 | H46: 2022-01-15 | I46: =IFERROR(DATEVALUE(H46),H46) -> 44576 | J46: =MAX(P46,R46,T46) -> 44565 | K46: =_xlfn.IFNA(VLOOKUP(D46,code!F:G,1,FALSE),"") | L46: 3 | M46: =Q46&"_"&S46&"_"&U46 -> 北京生物_北京科兴中维_北京科兴中维 | N46: =VLOOKUP(M46,code!A:B,2,FALSE) -> PVV | O46: =VLOOKUP(M46,code!A:C,3,FALSE) -> Y | P46: 44353 | Q46: 北京生物 | R46: 44378 | S46: 北京科兴中维 | T46: 44565 | U46: 北京科兴中维
A47: 732 | B47: 谢米诺 | C47: =IFERROR(VLOOKUP(B47,code!$F$1:$G$39,2,FALSE),"") -> 10 | D47: 高攀 | E47: =IF(F47="男","Male",IF(F47="女", "Female", "")) -> Male | F47: 男 | G47: 22 | H47: 2022-01-15 | I47: =IFERROR(DATEVALUE(H47),H47) -> 44576 | J47: =MAX(P47,R47,T47) -> 44562 | K47: =_xlfn.IFNA(VLOOKUP(D47,code!F:G,1,FALSE),"") | L47: 3 | M47: =Q47&"_"&S47&"_"&U47 -> 北京科兴中维_北京科兴中维_北京科兴中维 | N47: =VLOOKUP(M47,code!A:B,2,FALSE) -> VVV | O47: =VLOOKUP(M47,code!A:C,3,FALSE) -> N | P47: 44317 | Q47: 北京科兴中维 | R47: 44359 | S47: 北京科兴中维 | T47: 44562 | U47: 北京科兴中维
A48: 733 | B48: 谢米诺 | C48: =IFERROR(VLOOKUP(B48,code!$F$1:$G$39,2,FALSE),"") -> 10 | D48: 刘辉 | E48: =IF(F48="男","Male",IF(F48="女", "Female", "")) -> Female | F48: 女 | G48: 48 | H48: 2022-01-15 | I48: =IFERROR(DATEVALUE(H48),H48) -> 44576 | J48: =MAX(P48,R48,T48) -> 44565 | K48: =_xlfn.IFNA(VLOOKUP(D48,code!F:G,1,FALSE),"") | L48: 3 | M48: =Q48&"_"&S48&"_"&U48 -> 北京生物_兰州生物_兰州生物 | N48: =VLOOKUP(M48,code!A:B,2,FALSE) -> PPP | O48: =VLOOKUP(M48,code!A:C,3,FALSE) -> N | P48: 44352 | Q48: 北京生物 | R48: 44374 | S48: 兰州生物 | T48: 44565 | U48: 兰州生物
A49: 734 | B49: 谢米诺 | C49: =IFERROR(VLOOKUP(B49,code!$F$1:$G$39,2,FALSE),"") -> 10 | D49: 陈先平 | E49: =IF(F49="男","Male",IF(F49="女", "Female", "")) -> Male | F49: 男 | G49: 56 | H49: 2022-01-15 | I49: =IFERROR(DATEVALUE(H49),H49) -> 44576 | J49: =MAX(P49,R49,T49) -> 44566 | K49: =_xlfn.IFNA(VLOOKUP(D49,code!F:G,1,FALSE),"") | L49: 3 | M49: =Q49&"_"&S49&"_"&U49 -> 北京生物_兰州生物_兰州生物 | N49: =VLOOKUP(M49,code!A:B,2,FALSE) -> PPP | O49: =VLOOKUP(M49,code!A:C,3,FALSE) -> N | P49: 44353 | Q49: 北京生物 | R49: 44375 | S49: 兰州生物 | T49: 44566 | U49: 兰州生物
A50: 738 | B50: 谢米诺 | C50: =IFERROR(VLOOKUP(B50,code!$F$1:$G$39,2,FALSE),"") -> 10 | D50: 陈绍军 | E50: =IF(F50="男","Male",IF(F50="女", "Female", "")) -> Male | F50: 男 | G50: 52 | H50: 2022-01-15 | I50: =IFERROR(DATEVALUE(H50),H50) -> 44576 | J50: =MAX(P50,R50,T50) -> 44568 | K50: =_xlfn.IFNA(VLOOKUP(D50,code!F:G,1,FALSE),"") | L50: 3 | M50: =Q50&"_"&S50&"_"&U50 -> 北京生物_兰州生物_兰州生物 | N50: =VLOOKUP(M50,code!A:B,2,FALSE) -> PPP | O50: =VLOOKUP(M50,code!A:C,3,FALSE) -> N | P50: 44352 | Q50: 北京生物 | R50: 44375 | S50: 兰州生物 | T50: 44568 | U50: 兰州生物
A51: 755 | B51: 谢米诺 | C51: =IFERROR(VLOOKUP(B51,code!$F$1:$G$39,2,FALSE),"") -> 10 | D51: 梁彩纷 | E51: =IF(F51="男","Male",IF(F51="女", "Female", "")) -> Female | F51: 女 | G51: 56 | H51: 2022-1-15 | I51: =IFERROR(DATEVALUE(H51),H51) -> 44576 | J51: =MAX(P51,R51,T51) -> 44564 | K51: =_xlfn.IFNA(VLOOKUP(D51,code!F:G,1,FALSE),"") | L51: 3 | M51: =Q51&"_"&S51&"_"&U51 -> 北京生物_兰州生物_兰州生物 | N51: =VLOOKUP(M51,code!A:B,2,FALSE) -> PPP | O51: =VLOOKUP(M51,code!A:C,3,FALSE) -> N | P51: 44352 | Q51: 北京生物 | R51: 44375 | S51: 兰州生物 | T51: 44564 | U51: 兰州生物
A52: 777 | B52: 李源 | C52: =IFERROR(VLOOKUP(B52,code!$F$1:$G$39,2,FALSE),"") -> 11 | D52: 刘中丹 | E52: =IF(F52="男","Male",IF(F52="女", "Female", "")) -> Female | F52: 女 | G52: 32 | H52: 44573 | I52: =IFERROR(DATEVALUE(H52),H52) -> 44573 | J52: =MAX(P52,R52,T52) -> 44566 | K52: =_xlfn.IFNA(VLOOKUP(D52,code!F:G,1,FALSE),"") | L52: 3 | M52: =Q52&"_"&S52&"_"&U52 -> 北京科兴中维_北京生物_兰州生物 | N52: =VLOOKUP(M52,code!A:B,2,FALSE) -> VPP | O52: =VLOOKUP(M52,code!A:C,3,FALSE) -> Y | P52: 44343 | Q52: 北京科兴中维 | R52: 44379 | S52: 北京生物 | T52: 44566 | U52: 兰州生物
A53: 805 | B53: 李源 | C53: =IFERROR(VLOOKUP(B53,code!$F$1:$G$39,2,FALSE),"") -> 11 | D53: 韩霞 | E53: =IF(F53="男","Male",IF(F53="女", "Female", "")) -> Female | F53: 女 | G53: 33 | H53: 44576 | I53: =IFERROR(DATEVALUE(H53),H53) -> 44576 | J53: =MAX(P53,R53,T53) -> 44569 | K53: =_xlfn.IFNA(VLOOKUP(D53,code!F:G,1,FALSE),"") | L53: 3 | M53: =Q53&"_"&S53&"_"&U53 -> 北京生物_北京生物_兰州生物 | N53: =VLOOKUP(M53,code!A:B,2,FALSE) -> PPP | O53: =VLOOKUP(M53,code!A:C,3,FALSE) -> N | P53: 44351 | Q53: 北京生物 | R53: 44383 | S53: 北京生物 | T53: 44569 | U53: 兰州生物
A54: 806 | B54: 李源 | C54: =IFERROR(VLOOKUP(B54,code!$F$1:$G$39,2,FALSE),"") -> 11 | D54: 欧阳海媚 | E54: =IF(F54="男","Male",IF(F54="女", "Female", "")) -> Female | F54: 女 | G54: 31 | H54: 44576 | I54: =IFERROR(DATEVALUE(H54),H54) -> 44576 | J54: =MAX(P54,R54,T54) -> 44566 | K54: =_xlfn.IFNA(VLOOKUP(D54,code!F:G,1,FALSE),"") | L54: 3 | M54: =Q54&"_"&S54&"_"&U54 -> 北京生物_北京生物_兰州生物 | N54: =VLOOKUP(M54,code!A:B,2,FALSE) -> PPP | O54: =VLOOKUP(M54,code!A:C,3,FALSE) -> N | P54: 44310 | Q54: 北京生物 | R54: 44359 | S54: 北京生物 | T54: 44566 | U54: 兰州生物
A55: 844 | B55: 李源 | C55: =IFERROR(VLOOKUP(B55,code!$F$1:$G$39,2,FALSE),"") -> 11 | D55: 叶茹莹 | E55: =IF(F55="男","Male",IF(F55="女", "Female", "")) -> Female | F55: 女 | G55: 4 | H55: 44576 | I55: =IFERROR(DATEVALUE(H55),H55) -> 44576 | J55: =MAX(P55,R55,T55) -> 44565 | K55: =_xlfn.IFNA(VLOOKUP(D55,code!F:G,1,FALSE),"") | L55: 2 | M55: =Q55&"_"&S55&"_"&U55 -> 成都生物_兰州生物_ | N55: =VLOOKUP(M55,code!A:B,2,FALSE) -> PP | O55: =VLOOKUP(M55,code!A:C,3,FALSE) -> N | P55: 44518 | Q55: 成都生物 | R55: 44565 | S55: 兰州生物
A56: 887 | B56: 李源 | C56: =IFERROR(VLOOKUP(B56,code!$F$1:$G$39,2,FALSE),"") -> 11 | D56: 李恩言 | E56: =IF(F56="男","Male",IF(F56="女", "Female", "")) -> Female | F56: 女 | G56: 5 | H56: 44576 | I56: =IFERROR(DATEVALUE(H56),H56) -> 44576 | J56: =MAX(P56,R56,T56) -> 44571 | K56: =_xlfn.IFNA(VLOOKUP(D56,code!F:G,1,FALSE),"") | L56: 2 | M56: =Q56&"_"&S56&"_"&U56 -> 成都生物_兰州生物_ | N56: =VLOOKUP(M56,code!A:B,2,FALSE) -> PP | O56: =VLOOKUP(M56,code!A:C,3,FALSE) -> N | P56: 44502 | Q56: 成都生物 | R56: 44571 | S56: 兰州生物
A57: 930 | B57: 莫谏妹 | C57: =IFERROR(VLOOKUP(B57,code!$F$1:$G$39,2,FALSE),"") -> 12 | D57: 孔德胜 | E57: =IF(F57="男","Male",IF(F57="女", "Female", "")) -> Male | F57: 男 | G57: 28 | H57: 44572 | I57: =IFERROR(DATEVALUE(H57),H57) -> 44572 | J57: =MAX(P57,R57,T57) -> 44562 | K57: =_xlfn.IFNA(VLOOKUP(D57,code!F:G,1,FALSE),"") | L57: 3 | M57: =Q57&"_"&S57&"_"&U57 -> 北京生物_兰州生物_兰州生物 | N57: =VLOOKUP(M57,code!A:B,2,FALSE) -> PPP | O57: =VLOOKUP(M57,code!A:C,3,FALSE) -> N | P57: 44352 | Q57: 北京生物 | R57: 44374 | S57: 兰州生物 | T57: 44562 | U57: 兰州生物
A58: 956 | B58: 莫谏妹 | C58: =IFERROR(VLOOKUP(B58,code!$F$1:$G$39,2,FALSE),"") -> 12 | D58: 梁绍兵 | E58: =IF(F58="男","Male",IF(F58="女", "Female", "")) -> Male | F58: 男 | G58: 31 | H58: 44574 | I58: =IFERROR(DATEVALUE(H58),H58) -> 44574 | J58: =MAX(P58,R58,T58) -> 44572 | K58: =_xlfn.IFNA(VLOOKUP(D58,code!F:G,1,FALSE),"") | L58: 3 | M58: =Q58&"_"&S58&"_"&U58 -> 北京科兴中维_北京科兴中维_北京科兴中维 | N58: =VLOOKUP(M58,code!A:B,2,FALSE) -> VVV | O58: =VLOOKUP(M58,code!A:C,3,FALSE) -> N | P58: 44349 | Q58: 北京科兴中维 | R58: 44371 | S58: 北京科兴中维 | T58: 44572 | U58: 北京科兴中维
A59: 974 | B59: 莫谏妹 | C59: =IFERROR(VLOOKUP(B59,code!$F$1:$G$39,2,FALSE),"") -> 12 | D59: 彭梅梅 | E59: =IF(F59="男","Male",IF(F59="女", "Female", "")) -> Female | F59: 女 | G59: 27 | H59: 44574 | I59: =IFERROR(DATEVALUE(H59),H59) -> 44574 | J59: =MAX(P59,R59,T59) -> 44570 | K59: =_xlfn.IFNA(VLOOKUP(D59,code!F:G,1,FALSE),"") | L59: 1 | M59: =Q59&"_"&S59&"_"&U59 -> 兰州生物__ | N59: =VLOOKUP(M59,code!A:B,2,FALSE) -> P | O59: =VLOOKUP(M59,code!A:C,3,FALSE) -> N | P59: 44570 | Q59: 兰州生物
A60: 975 | B60: 莫谏妹 | C60: =IFERROR(VLOOKUP(B60,code!$F$1:$G$39,2,FALSE),"") -> 12 | D60: 彭小英 | E60: =IF(F60="男","Male",IF(F60="女", "Female", "")) -> Female | F60: 女 | G60: 42 | H60: 44574 | I60: =IFERROR(DATEVALUE(H60),H60) -> 44574 | J60: =MAX(P60,R60,T60) -> 44571 | K60: =_xlfn.IFNA(VLOOKUP(D60,code!F:G,1,FALSE),"") | L60: 3 | M60: =Q60&"_"&S60&"_"&U60 -> 北京生物_兰州生物_兰州生物 | N60: =VLOOKUP(M60,code!A:B,2,FALSE) -> PPP | O60: =VLOOKUP(M60,code!A:C,3,FALSE) -> N | P60: 44352 | Q60: 北京生物 | R60: 44374 | S60: 兰州生物 | T60: 44571 | U60: 兰州生物
A61: 985 | B61: 莫谏妹 | C61: =IFERROR(VLOOKUP(B61,code!$F$1:$G$39,2,FALSE),"") -> 12 | D61: 王会美 | E61: =IF(F61="男","Male",IF(F61="女", "Female", "")) -> Female | F61: 女 | G61: 39 | H61: 44574 | I61: =IFERROR(DATEVALUE(H61),H61) -> 44574 | J61: =MAX(P61,R61,T61) -> 44572 | K61: =_xlfn.IFNA(VLOOKUP(D61,code!F:G,1,FALSE),"") | L61: 2 | M61: =Q61&"_"&S61&"_"&U61 -> 北京生物_兰州生物_ | N61: =VLOOKUP(M61,code!A:B,2,FALSE) -> PP | O61: =VLOOKUP(M61,code!A:C,3,FALSE) -> N | P61: 44410 | Q61: 北京生物 | R61: 44572 | S61: 兰州生物
A62: 1044 | B62: 莫谏妹 | C62: =IFERROR(VLOOKUP(B62,code!$F$1:$G$39,2,FALSE),"") -> 12 | D62: 胡惠 | E62: =IF(F62="男","Male",IF(F62="女", "Female", "")) -> Female | F62: 女 | G62: 33 | H62: 44574 | I62: =IFERROR(DATEVALUE(H62),H62) -> 44574 | J62: =MAX(P62,R62,T62) -> 44570 | K62: =_xlfn.IFNA(VLOOKUP(D62,code!F:G,1,FALSE),"") | L62: 3 | M62: =Q62&"_"&S62&"_"&U62 -> 北京生物_北京生物_兰州生物 | N62: =VLOOKUP(M62,code!A:B,2,FALSE) -> PPP | O62: =VLOOKUP(M62,code!A:C,3,FALSE) -> N | P62: 44352 | Q62: 北京生物 | R62: 44384 | S62: 北京生物 | T62: 44570 | U62: 兰州生物
A63: 1064 | B63: 莫谏妹 | C63: =IFERROR(VLOOKUP(B63,code!$F$1:$G$39,2,FALSE),"") -> 12 | D63: 刘军 | E63: =IF(F63="男","Male",IF(F63="女", "Female", "")) -> Male | F63: 男 | G63: 41 | H63: 44574 | I63: =IFERROR(DATEVALUE(H63),H63) -> 44574 | J63: =MAX(P63,R63,T63) -> 44567 | K63: =_xlfn.IFNA(VLOOKUP(D63,code!F:G,1,FALSE),"") | L63: 3 | M63: =Q63&"_"&S63&"_"&U63 -> 北京生物_兰州生物_兰州生物 | N63: =VLOOKUP(M63,code!A:B,2,FALSE) -> PPP | O63: =VLOOKUP(M63,code!A:C,3,FALSE) -> N | P63: 44352 | Q63: 北京生物 | R63: 44374 | S63: 兰州生物 | T63: 44567 | U63: 兰州生物
A64: 1072 | B64: 莫谏妹 | C64: =IFERROR(VLOOKUP(B64,code!$F$1:$G$39,2,FALSE),"") -> 12 | D64: 陈健文 | E64: =IF(F64="男","Male",IF(F64="女", "Female", "")) -> Male | F64: 男 | G64: 23 | H64: 44574 | I64: =IFERROR(DATEVALUE(H64),H64) -> 44574 | J64: =MAX(P64,R64,T64) -> 44567 | K64: =_xlfn.IFNA(VLOOKUP(D64,code!F:G,1,FALSE),"") | L64: 3 | M64: =Q64&"_"&S64&"_"&U64 -> 北京生物_北京科兴中维_北京科兴中维 | N64: =VLOOKUP(M64,code!A:B,2,FALSE) -> PVV | O64: =VLOOKUP(M64,code!A:C,3,FALSE) -> Y | P64: 44306 | Q64: 北京生物 | R64: 44362 | S64: 北京科兴中维 | T64: 44567 | U64: 北京科兴中维
A65: 1078 | B65: 梁春晖 | C65: =IFERROR(VLOOKUP(B65,code!$F$1:$G$39,2,FALSE),"") -> 13 | D65: 陈小蝶 | E65: =IF(F65="男","Male",IF(F65="女", "Female", "")) -> Female | F65: 女 | G65: 20 | H65: 44574 | I65: =IFERROR(DATEVALUE(H65),H65) -> 44574 | J65: =MAX(P65,R65,T65) -> 44569 | K65: =_xlfn.IFNA(VLOOKUP(D65,code!F:G,1,FALSE),"") | L65: 1 | M65: =Q65&"_"&S65&"_"&U65 -> 兰州生物__ | N65: =VLOOKUP(M65,code!A:B,2,FALSE) -> P | O65: =VLOOKUP(M65,code!A:C,3,FALSE) -> N | P65: 44569 | Q65: 兰州生物
A66: 1080 | B66: 梁春晖 | C66: =IFERROR(VLOOKUP(B66,code!$F$1:$G$39,2,FALSE),"") -> 13 | D66: 覃金玉 | E66: =IF(F66="男","Male",IF(F66="女", "Female", "")) -> Female | F66: 女 | G66: 33 | H66: 44574 | I66: =IFERROR(DATEVALUE(H66),H66) -> 44574 | J66: =MAX(P66,R66,T66) -> 44567 | K66: =_xlfn.IFNA(VLOOKUP(D66,code!F:G,1,FALSE),"") | L66: 3 | M66: =Q66&"_"&S66&"_"&U66 -> 北京科兴中维_北京科兴中维_北京科兴中维 | N66: =VLOOKUP(M66,code!A:B,2,FALSE) -> VVV | O66: =VLOOKUP(M66,code!A:C,3,FALSE) -> N | P66: 44347 | Q66: 北京科兴中维 | R66: 44369 | S66: 北京科兴中维 | T66: 44567 | U66: 北京科兴中维
A67: 1122 | B67: 莫青梅 | C67: =IFERROR(VLOOKUP(B67,code!$F$1:$G$39,2,FALSE),"") -> 14 | D67: 岑春毅 | E67: =IF(F67="男","Male",IF(F67="女", "Female", "")) -> Male | F67: 男 | G67: 37 | H67: 44571 | I67: =IFERROR(DATEVALUE(H67),H67) -> 44571 | J67: =MAX(P67,R67,T67) -> 44573 | K67: =_xlfn.IFNA(VLOOKUP(D67,code!F:G,1,FALSE),"") | L67: 3 | M67: =Q67&"_"&S67&"_"&U67 -> 北京科兴中维_兰州生物_兰州生物 | N67: =VLOOKUP(M67,code!A:B,2,FALSE) -> VPP | O67: =VLOOKUP(M67,code!A:C,3,FALSE) -> Y | P67: 44352 | Q67: 北京科兴中维 | R67: 44376 | S67: 兰州生物 | T67: 44573 | U67: 兰州生物
A68: 1145 | B68: 莫青梅 | C68: =IFERROR(VLOOKUP(B68,code!$F$1:$G$39,2,FALSE),"") -> 14 | D68: 林清金 | E68: =IF(F68="男","Male",IF(F68="女", "Female", "")) -> Male | F68: 男 | G68: 44 | H68: 44574 | I68: =IFERROR(DATEVALUE(H68),H68) -> 44574 | J68: =MAX(P68,R68,T68) -> 44571 | K68: =_xlfn.IFNA(VLOOKUP(D68,code!F:G,1,FALSE),"") | L68: 2 | M68: =Q68&"_"&S68&"_"&U68 -> 北京科兴中维_北京科兴中维_ | N68: =VLOOKUP(M68,code!A:B,2,FALSE) -> VV | O68: =VLOOKUP(M68,code!A:C,3,FALSE) -> N | P68: 44437 | Q68: 北京科兴中维 | R68: 44571 | S68: 北京科兴中维
A69: 1163 | B69: 莫青梅 | C69: =IFERROR(VLOOKUP(B69,code!$F$1:$G$39,2,FALSE),"") -> 14 | D69: 文书芳 | E69: =IF(F69="男","Male",IF(F69="女", "Female", "")) -> Female | F69: 女 | G69: 27 | H69: 44573 | I69: =IFERROR(DATEVALUE(H69),H69) -> 44573 | J69: =MAX(P69,R69,T69) -> 44566 | K69: =_xlfn.IFNA(VLOOKUP(D69,code!F:G,1,FALSE),"") | L69: 3 | M69: =Q69&"_"&S69&"_"&U69 -> 成都生物_北京科兴中维_北京科兴中维 | N69: =VLOOKUP(M69,code!A:B,2,FALSE) -> PVV | O69: =VLOOKUP(M69,code!A:C,3,FALSE) -> Y | P69: 44345 | Q69: 成都生物 | R69: 44371 | S69: 北京科兴中维 | T69: 44566 | U69: 北京科兴中维
A70: 1221 | B70: 莫青梅 | C70: =IFERROR(VLOOKUP(B70,code!$F$1:$G$39,2,FALSE),"") -> 14 | D70: 赵汉高 | E70: =IF(F70="男","Male",IF(F70="女", "Female", "")) -> Male | F70: 男 | G70: 7 | H70: 44574 | I70: =IFERROR(DATEVALUE(H70),H70) -> 44574 | J70: =MAX(P70,R70,T70) -> 44569 | K70: =_xlfn.IFNA(VLOOKUP(D70,code!F:G,1,FALSE),"") | L70: 2 | M70: =Q70&"_"&S70&"_"&U70 -> 兰州生物_兰州生物_ | N70: =VLOOKUP(M70,code!A:B,2,FALSE) -> PP | O70: =VLOOKUP(M70,code!A:C,3,FALSE) -> N | P70: 44548 | Q70: 兰州生物 | R70: 44569 | S70: 兰州生物
A71: 1249 | B71: 莫青梅 | C71: =IFERROR(VLOOKUP(B71,code!$F$1:$G$39,2,FALSE),"") -> 14 | D71: 林美娇 | E71: =IF(F71="男","Male",IF(F71="女", "Female", "")) -> Female | F71: 女 | G71: 47 | H71: 44574 | I71: =IFERROR(DATEVALUE(H71),H71) -> 44574 | J71: =MAX(P71,R71,T71) -> 44566 | K71: =_xlfn.IFNA(VLOOKUP(D71,code!F:G,1,FALSE),"") | L71: 3 | M71: =Q71&"_"&S71&"_"&U71 -> 北京生物_北京生物_兰州生物 | N71: =VLOOKUP(M71,code!A:B,2,FALSE) -> PPP | O71: =VLOOKUP(M71,code!A:C,3,FALSE) -> N | P71: 44353 | Q71: 北京生物 | R71: 44382 | S71: 北京生物 | T71: 44566 | U71: 兰州生物
A72: 1256 | B72: 莫青梅 | C72: =IFERROR(VLOOKUP(B72,code!$F$1:$G$39,2,FALSE),"") -> 14 | D72: 郑容茂 | E72: =IF(F72="男","Male",IF(F72="女", "Female", "")) -> Male | F72: 男 | G72: 32 | H72: 44574 | I72: =IFERROR(DATEVALUE(H72),H72) -> 44574 | J72: =MAX(P72,R72,T72) -> 44577 | K72: =_xlfn.IFNA(VLOOKUP(D72,code!F:G,1,FALSE),"") | L72: 1 | M72: =Q72&"_"&S72&"_"&U72 -> 北京科兴中维__ | N72: =VLOOKUP(M72,code!A:B,2,FALSE) -> V | O72: =VLOOKUP(M72,code!A:C,3,FALSE) -> N | P72: 44577 | Q72: 北京科兴中维
A73: 791 | B73: 李源 | C73: =IFERROR(VLOOKUP(B73,code!$F$1:$G$39,2,FALSE),"") -> 11 | D73: 鲍玮琪 | E73: =IF(F73="男","Male",IF(F73="女", "Female", "")) -> Female | F73: 女 | G73: 8 | H73: 44574 | I73: =IFERROR(DATEVALUE(H73),H73) -> 44574 | J73: =MAX(P73,R73,T73) -> 44539 | K73: =_xlfn.IFNA(VLOOKUP(D73,code!F:G,1,FALSE),"") | L73: 2 | M73: =Q73&"_"&S73&"_"&U73 -> 成都生物_兰州生物_ | N73: =VLOOKUP(M73,code!A:B,2,FALSE) -> PP | O73: =VLOOKUP(M73,code!A:C,3,FALSE) -> N | P73: 44508 | Q73: 成都生物 | R73: 44539 | S73: 兰州生物
A74: 1290 | B74: 莫青梅 | C74: =IFERROR(VLOOKUP(B74,code!$F$1:$G$39,2,FALSE),"") -> 14 | D74: 郑华养 | E74: =IF(F74="男","Male",IF(F74="女", "Female", "")) -> Male | F74: 男 | G74: 48 | H74: 44571 | I74: =IFERROR(DATEVALUE(H74),H74) -> 44571 | J74: =MAX(P74,R74,T74) -> 44573 | K74: =_xlfn.IFNA(VLOOKUP(D74,code!F:G,1,FALSE),"") | L74: 3 | M74: =Q74&"_"&S74&"_"&U74 -> 北京生物_北京生物_兰州生物 | N74: =VLOOKUP(M74,code!A:B,2,FALSE) -> PPP | O74: =VLOOKUP(M74,code!A:C,3,FALSE) -> N | P74: 44353 | Q74: 北京生物 | R74: 44383 | S74: 北京生物 | T74: 44573 | U74: 兰州生物
A75: 1340 | B75: 林帼英 | C75: =IFERROR(VLOOKUP(B75,code!$F$1:$G$39,2,FALSE),"") -> 15 | D75: 麦耀权 | E75: =IF(F75="男","Male",IF(F75="女", "Female", "")) -> Male | F75: 男 | G75: 45 | H75: 2022-1-13 | I75: =IFERROR(DATEVALUE(H75),H75) -> 44574 | J75: =MAX(P75,R75,T75) -> 44568 | K75: =_xlfn.IFNA(VLOOKUP(D75,code!F:G,1,FALSE),"") | L75: 3 | M75: =Q75&"_"&S75&"_"&U75 -> 北京生物_北京生物_兰州生物 | N75: =VLOOKUP(M75,code!A:B,2,FALSE) -> PPP | O75: =VLOOKUP(M75,code!A:C,3,FALSE) -> N | P75: 44299 | Q75: 北京生物 | R75: 44348 | S75: 北京生物 | T75: 44568 | U75: 兰州生物
A76: 1366 | B76: 王奕博 | C76: =IFERROR(VLOOKUP(B76,code!$F$1:$G$39,2,FALSE),"") -> 16 | D76: 易云华 | E76: =IF(F76="男","Male",IF(F76="女", "Female", "")) -> Male | F76: 男 | G76: 54 | H76: 44576 | I76: =IFERROR(DATEVALUE(H76),H76) -> 44576 | J76: =MAX(P76,R76,T76) -> 44572 | K76: =_xlfn.IFNA(VLOOKUP(D76,code!F:G,1,FALSE),"") | L76: 3 | M76: =Q76&"_"&S76&"_"&U76 -> 北京生物_北京生物_兰州生物 | N76: =VLOOKUP(M76,code!A:B,2,FALSE) -> PPP | O76: =VLOOKUP(M76,code!A:C,3,FALSE) -> N | P76: 44297 | Q76: 北京生物 | R76: 44345 | S76: 北京生物 | T76: 44572 | U76: 兰州生物
A77: 1370 | B77: 王奕博 | C77: =IFERROR(VLOOKUP(B77,code!$F$1:$G$39,2,FALSE),"") -> 16 | D77: 陈伟东 | E77: =IF(F77="男","Male",IF(F77="女", "Female", "")) -> Male | F77: 男 | G77: 22 | H77: 44576 | I77: =IFERROR(DATEVALUE(H77),H77) -> 44576 | J77: =MAX(P77,R77,T77) -> 44566 | K77: =_xlfn.IFNA(VLOOKUP(D77,code!F:G,1,FALSE),"") | L77: 3 | M77: =Q77&"_"&S77&"_"&U77 -> 北京科兴中维_兰州生物_兰州生物 | N77: =VLOOKUP(M77,code!A:B,2,FALSE) -> VPP | O77: =VLOOKUP(M77,code!A:C,3,FALSE) -> Y | P77: 44287 | Q77: 北京科兴中维 | R77: 44330 | S77: 兰州生物 | T77: 44566 | U77: 兰州生物
A78: 1399 | B78: 王奕博 | C78: =IFERROR(VLOOKUP(B78,code!$F$1:$G$39,2,FALSE),"") -> 16 | D78: 朱海萌 | E78: =IF(F78="男","Male",IF(F78="女", "Female", "")) -> Female | F78: 女 | G78: 3 | H78: 44576 | I78: =IFERROR(DATEVALUE(H78),H78) -> 44576 | J78: =MAX(P78,R78,T78) -> 44569 | K78: =_xlfn.IFNA(VLOOKUP(D78,code!F:G,1,FALSE),"") | L78: 2 | M78: =Q78&"_"&S78&"_"&U78 -> 成都生物_北京科兴中维_ | N78: =VLOOKUP(M78,code!A:B,2,FALSE) -> PV | O78: =VLOOKUP(M78,code!A:C,3,FALSE) -> Y | P78: 44528 | Q78: 成都生物 | R78: 44569 | S78: 北京科兴中维
A79: 1409 | B79: 王奕博 | C79: =IFERROR(VLOOKUP(B79,code!$F$1:$G$39,2,FALSE),"") -> 16 | D79: 曹小春 | E79: =IF(F79="男","Male",IF(F79="女", "Female", "")) -> Male | F79: 男 | G79: 43 | H79: 2022-01-16 | I79: =IFERROR(DATEVALUE(H79),H79) -> 44577 | J79: =MAX(P79,R79,T79) -> 44573 | K79: =_xlfn.IFNA(VLOOKUP(D79,code!F:G,1,FALSE),"") | L79: 3 | M79: =Q79&"_"&S79&"_"&U79 -> 北京生物_兰州生物_兰州生物 | N79: =VLOOKUP(M79,code!A:B,2,FALSE) -> PPP | O79: =VLOOKUP(M79,code!A:C,3,FALSE) -> N | P79: 44351 | Q79: 北京生物 | R79: 44375 | S79: 兰州生物 | T79: 44573 | U79: 兰州生物
A80: 1425 | B80: 王奕博 | C80: =IFERROR(VLOOKUP(B80,code!$F$1:$G$39,2,FALSE),"") -> 16 | D80: 程思琪 | E80: =IF(F80="男","Male",IF(F80="女", "Female", "")) -> Female | F80: 女 | G80: 28 | H80: 2022-01-16 | I80: =IFERROR(DATEVALUE(H80),H80) -> 44577 | J80: =MAX(P80,R80,T80) -> 44570 | K80: =_xlfn.IFNA(VLOOKUP(D80,code!F:G,1,FALSE),"") | L80: 3 | M80: =Q80&"_"&S80&"_"&U80 -> 北京生物_北京生物_兰州生物 | N80: =VLOOKUP(M80,code!A:B,2,FALSE) -> PPP | O80: =VLOOKUP(M80,code!A:C,3,FALSE) -> N | P80: 44352 | Q80: 北京生物 | R80: 44380 | S80: 北京生物 | T80: 44570 | U80: 兰州生物
A81: 1428 | B81: 王奕博 | C81: =IFERROR(VLOOKUP(B81,code!$F$1:$G$39,2,FALSE),"") -> 16 | D81: 胡景燊 | E81: =IF(F81="男","Male",IF(F81="女", "Female", "")) -> Male | F81: 男 | G81: 32 | H81: 2022-01-16 | I81: =IFERROR(DATEVALUE(H81),H81) -> 44577 | J81: =MAX(P81,R81,T81) -> 44562 | K81: =_xlfn.IFNA(VLOOKUP(D81,code!F:G,1,FALSE),"") | L81: 3 | M81: =Q81&"_"&S81&"_"&U81 -> 北京科兴中维_北京生物_兰州生物 | N81: =VLOOKUP(M81,code!A:B,2,FALSE) -> VPP | O81: =VLOOKUP(M81,code!A:C,3,FALSE) -> Y | P81: 44349 | Q81: 北京科兴中维 | R81: 44371 | S81: 北京生物 | T81: 44562 | U81: 兰州生物
A82: 1429 | B82: 王奕博 | C82: =IFERROR(VLOOKUP(B82,code!$F$1:$G$39,2,FALSE),"") -> 16 | D82: 陈龙 | E82: =IF(F82="男","Male",IF(F82="女", "Female", "")) -> Male | F82: 男 | G82: 34 | H82: 2022-01-16 | I82: =IFERROR(DATEVALUE(H82),H82) -> 44577 | J82: =MAX(P82,R82,T82) -> 44565 | K82: =_xlfn.IFNA(VLOOKUP(D82,code!F:G,1,FALSE),"") | L82: 3 | M82: =Q82&"_"&S82&"_"&U82 -> 北京科兴中维_北京科兴中维_北京科兴中维 | N82: =VLOOKUP(M82,code!A:B,2,FALSE) -> VVV | O82: =VLOOKUP(M82,code!A:C,3,FALSE) -> N | P82: 44289 | Q82: 北京科兴中维 | R82: 44342 | S82: 北京科兴中维 | T82: 44565 | U82: 北京科兴中维
A83: 1486 | B83: 王奕博 | C83: =IFERROR(VLOOKUP(B83,code!$F$1:$G$39,2,FALSE),"") -> 16 | D83: 柯珍珍 | E83: =IF(F83="男","Male",IF(F83="女", "Female", "")) -> Female | F83: 女 | G83: 35 | H83: 44577 | I83: =IFERROR(DATEVALUE(H83),H83) -> 44577 | J83: =MAX(P83,R83,T83) -> 44570 | K83: =_xlfn.IFNA(VLOOKUP(D83,code!F:G,1,FALSE),"") | L83: 2 | M83: =Q83&"_"&S83&"_"&U83 -> 兰州生物_兰州生物_ | N83: =VLOOKUP(M83,code!A:B,2,FALSE) -> PP | O83: =VLOOKUP(M83,code!A:C,3,FALSE) -> N | P83: 44541 | Q83: 兰州生物 | R83: 44570 | S83: 兰州生物
A84: 1489 | B84: 王奕博 | C84: =IFERROR(VLOOKUP(B84,code!$F$1:$G$39,2,FALSE),"") -> 16 | D84: 黄怡菲 | E84: =IF(F84="男","Male",IF(F84="女", "Female", "")) -> Female | F84: 女 | G84: 5 | H84: 44577 | I84: =IFERROR(DATEVALUE(H84),H84) -> 44577 | J84: =MAX(P84,R84,T84) -> 44570 | K84: =_xlfn.IFNA(VLOOKUP(D84,code!F:G,1,FALSE),"") | L84: 2 | M84: =Q84&"_"&S84&"_"&U84 -> 兰州生物_兰州生物_ | N84: =VLOOKUP(M84,code!A:B,2,FALSE) -> PP | O84: =VLOOKUP(M84,code!A:C,3,FALSE) -> N | P84: 44542 | Q84: 兰州生物 | R84: 44570 | S84: 兰州生物
A85: 1514 | B85: 王奕博 | C85: =IFERROR(VLOOKUP(B85,code!$F$1:$G$39,2,FALSE),"") -> 16 | D85: 邹颖博 | E85: =IF(F85="男","Male",IF(F85="女", "Female", "")) -> Female | F85: 女 | G85: 34 | H85: 44577 | I85: =IFERROR(DATEVALUE(H85),H85) -> 44577 | J85: =MAX(P85,R85,T85) -> 44570 | K85: =_xlfn.IFNA(VLOOKUP(D85,code!F:G,1,FALSE),"") | L85: 3 | M85: =Q85&"_"&S85&"_"&U85 -> 北京生物_北京生物_兰州生物 | N85: =VLOOKUP(M85,code!A:B,2,FALSE) -> PPP | O85: =VLOOKUP(M85,code!A:C,3,FALSE) -> N | P85: 44353 | Q85: 北京生物 | R85: 44381 | S85: 北京生物 | T85: 44570 | U85: 兰州生物
A86: 1533 | B86: 王奕博 | C86: =IFERROR(VLOOKUP(B86,code!$F$1:$G$39,2,FALSE),"") -> 16 | D86: 彭公成 | E86: =IF(F86="男","Male",IF(F86="女", "Female", "")) -> Male | F86: 男 | G86: 74 | H86: 44577 | I86: =IFERROR(DATEVALUE(H86),H86) -> 44577 | J86: =MAX(P86,R86,T86) -> 44566 | K86: =_xlfn.IFNA(VLOOKUP(D86,code!F:G,1,FALSE),"") | L86: 3 | M86: =Q86&"_"&S86&"_"&U86 -> 北京生物_武汉生物_兰州生物 | N86: =VLOOKUP(M86,code!A:B,2,FALSE) -> PPP | O86: =VLOOKUP(M86,code!A:C,3,FALSE) -> N | P86: 44340 | Q86: 北京生物 | R86: 44370 | S86: 武汉生物 | T86: 44566 | U86: 兰州生物
A87: 1540 | B87: 王奕博 | C87: =IFERROR(VLOOKUP(B87,code!$F$1:$G$39,2,FALSE),"") -> 16 | D87: 杨天宝 | E87: =IF(F87="男","Male",IF(F87="女", "Female", "")) -> Male | F87: 男 | G87: 47 | H87: 44577 | I87: =IFERROR(DATEVALUE(H87),H87) -> 44577 | J87: =MAX(P87,R87,T87) -> 44570 | K87: =_xlfn.IFNA(VLOOKUP(D87,code!F:G,1,FALSE),"") | L87: 3 | M87: =Q87&"_"&S87&"_"&U87 -> 北京生物_北京科兴中维_北京科兴中维 | N87: =VLOOKUP(M87,code!A:B,2,FALSE) -> PVV | O87: =VLOOKUP(M87,code!A:C,3,FALSE) -> Y | P87: 44298 | Q87: 北京生物 | R87: 44352 | S87: 北京科兴中维 | T87: 44570 | U87: 北京科兴中维
A88: 1541 | B88: 王奕博 | C88: =IFERROR(VLOOKUP(B88,code!$F$1:$G$39,2,FALSE),"") -> 16 | D88: 龙志燕 | E88: =IF(F88="男","Male",IF(F88="女", "Female", "")) -> Female | F88: 女 | G88: 39 | H88: 44577 | I88: =IFERROR(DATEVALUE(H88),H88) -> 44577 | J88: =MAX(P88,R88,T88) -> 44570 | K88: =_xlfn.IFNA(VLOOKUP(D88,code!F:G,1,FALSE),"") | L88: 3 | M88: =Q88&"_"&S88&"_"&U88 -> 北京生物_北京科兴中维_北京科兴中维 | N88: =VLOOKUP(M88,code!A:B,2,FALSE) -> PVV | O88: =VLOOKUP(M88,code!A:C,3,FALSE) -> Y | P88: 44298 | Q88: 北京生物 | R88: 44352 | S88: 北京科兴中维 | T88: 44570 | U88: 北京科兴中维
A89: 1593 | B89: 王奕博 | C89: =IFERROR(VLOOKUP(B89,code!$F$1:$G$39,2,FALSE),"") -> 16 | D89: 黄理军 | E89: =IF(F89="男","Male",IF(F89="女", "Female", "")) -> Male | F89: 男 | G89: 33 | H89: 44573 | I89: =IFERROR(DATEVALUE(H89),H89) -> 44573 | J89: =MAX(P89,R89,T89) -> 44572 | K89: =_xlfn.IFNA(VLOOKUP(D89,code!F:G,1,FALSE),"") | L89: 3 | M89: =Q89&"_"&S89&"_"&U89 -> 北京科兴中维_北京科兴中维_北京科兴中维 | N89: =VLOOKUP(M89,code!A:B,2,FALSE) -> VVV | O89: =VLOOKUP(M89,code!A:C,3,FALSE) -> N | P89: 44342 | Q89: 北京科兴中维 | R89: 44365 | S89: 北京科兴中维 | T89: 44572 | U89: 北京科兴中维
A90: 1595 | B90: 王奕博 | C90: =IFERROR(VLOOKUP(B90,code!$F$1:$G$39,2,FALSE),"") -> 16 | D90: 杨胜宇 | E90: =IF(F90="男","Male",IF(F90="女", "Female", "")) -> Male | F90: 男 | G90: 3 | H90: 44574 | I90: =IFERROR(DATEVALUE(H90),H90) -> 44574 | J90: =MAX(P90,R90,T90) -> 44569 | K90: =_xlfn.IFNA(VLOOKUP(D90,code!F:G,1,FALSE),"") | L90: 1 | M90: =Q90&"_"&S90&"_"&U90 -> 兰州生物__ | N90: =VLOOKUP(M90,code!A:B,2,FALSE) -> P | O90: =VLOOKUP(M90,code!A:C,3,FALSE) -> N | P90: 44569 | Q90: 兰州生物
A91: 1596 | B91: 王奕博 | C91: =IFERROR(VLOOKUP(B91,code!$F$1:$G$39,2,FALSE),"") -> 16 | D91: 吴宇航 | E91: =IF(F91="男","Male",IF(F91="女", "Female", "")) -> Male | F91: 男 | G91: 7 | H91: 44574 | I91: =IFERROR(DATEVALUE(H91),H91) -> 44574 | J91: =MAX(P91,R91,T91) -> 44569 | K91: =_xlfn.IFNA(VLOOKUP(D91,code!F:G,1,FALSE),"") | L91: 2 | M91: =Q91&"_"&S91&"_"&U91 -> 成都生物_兰州生物_ | N91: =VLOOKUP(M91,code!A:B,2,FALSE) -> PP | O91: =VLOOKUP(M91,code!A:C,3,FALSE) -> N | P91: 44520 | Q91: 成都生物 | R91: 44569 | S91: 兰州生物
A92: 1597 | B92: 王奕博 | C92: =IFERROR(VLOOKUP(B92,code!$F$1:$G$39,2,FALSE),"") -> 16 | D92: 吴宇瞳 | E92: =IF(F92="男","Male",IF(F92="女", "Female", "")) -> Male | F92: 男 | G92: 9 | H92: 44574 | I92: =IFERROR(DATEVALUE(H92),H92) -> 44574 | J92: =MAX(P92,R92,T92) -> 44569 | K92: =_xlfn.IFNA(VLOOKUP(D92,code!F:G,1,FALSE),"") | L92: 2 | M92: =Q92&"_"&S92&"_"&U92 -> 成都生物_兰州生物_ | N92: =VLOOKUP(M92,code!A:B,2,FALSE) -> PP | O92: =VLOOKUP(M92,code!A:C,3,FALSE) -> N | P92: 44520 | Q92: 成都生物 | R92: 44569 | S92: 兰州生物
A93: 1645 | B93: 樊沛姗 | C93: =IFERROR(VLOOKUP(B93,code!$F$1:$G$39,2,FALSE),"") -> 17 | D93: 樊海锐 | E93: =IF(F93="男","Male",IF(F93="女", "Female", "")) -> Male | F93: 男 | G93: 7 | H93: 2022-01-11 | I93: =IFERROR(DATEVALUE(H93),H93) -> 44572 | J93: =MAX(P93,R93,T93) -> 44569 | K93: =_xlfn.IFNA(VLOOKUP(D93,code!F:G,1,FALSE),"") | L93: 2 | M93: =Q93&"_"&S93&"_"&U93 -> 成都生物_兰州生物_ | N93: =VLOOKUP(M93,code!A:B,2,FALSE) -> PP | O93: =VLOOKUP(M93,code!A:C,3,FALSE) -> N | P93: 44512 | Q93: 成都生物 | R93: 44569 | S93: 兰州生物
A94: 1670 | B94: 樊沛姗 | C94: =IFERROR(VLOOKUP(B94,code!$F$1:$G$39,2,FALSE),"") -> 17 | D94: 樊志安 | E94: =IF(F94="男","Male",IF(F94="女", "Female", "")) -> Male | F94: 男 | G94: 54 | H94: 2022-01-13 | I94: =IFERROR(DATEVALUE(H94),H94) -> 44574 | J94: =MAX(P94,R94,T94) -> 44565 | K94: =_xlfn.IFNA(VLOOKUP(D94,code!F:G,1,FALSE),"") | L94: 3 | M94: =Q94&"_"&S94&"_"&U94 -> 北京生物_北京生物_兰州生物 | N94: =VLOOKUP(M94,code!A:B,2,FALSE) -> PPP | O94: =VLOOKUP(M94,code!A:C,3,FALSE) -> N | P94: 44190 | Q94: 北京生物 | R94: 44213 | S94: 北京生物 | T94: 44565 | U94: 兰州生物
A95: 1700 | B95: 樊沛姗 | C95: =IFERROR(VLOOKUP(B95,code!$F$1:$G$39,2,FALSE),"") -> 17 | D95: 彭月芬 | E95: =IF(F95="男","Male",IF(F95="女", "Female", "")) -> Female | F95: 女 | G95: 37 | H95: 2022-01-15 | I95: =IFERROR(DATEVALUE(H95),H95) -> 44576 | J95: =MAX(P95,R95,T95) -> 44570 | K95: =_xlfn.IFNA(VLOOKUP(D95,code!F:G,1,FALSE),"") | L95: 3 | M95: =Q95&"_"&S95&"_"&U95 -> 北京生物_北京生物_兰州生物 | N95: =VLOOKUP(M95,code!A:B,2,FALSE) -> PPP | O95: =VLOOKUP(M95,code!A:C,3,FALSE) -> N | P95: 44352 | Q95: 北京生物 | R95: 44383 | S95: 北京生物 | T95: 44570 | U95: 兰州生物
A96: 1701 | B96: 樊沛姗 | C96: =IFERROR(VLOOKUP(B96,code!$F$1:$G$39,2,FALSE),"") -> 17 | D96: 彭忠友 | E96: =IF(F96="男","Male",IF(F96="女", "Female", "")) -> Male | F96: 男 | G96: 38 | H96: 2022-01-15 | I96: =IFERROR(DATEVALUE(H96),H96) -> 44576 | J96: =MAX(P96,R96,T96) -> 44567 | K96: =_xlfn.IFNA(VLOOKUP(D96,code!F:G,1,FALSE),"") | L96: 3 | M96: =Q96&"_"&S96&"_"&U96 -> 北京生物_兰州生物_兰州生物 | N96: =VLOOKUP(M96,code!A:B,2,FALSE) -> PPP | O96: =VLOOKUP(M96,code!A:C,3,FALSE) -> N | P96: 44352 | Q96: 北京生物 | R96: 44374 | S96: 兰州生物 | T96: 44567 | U96: 兰州生物
A97: 1711 | B97: 林睿洋 | C97: =IFERROR(VLOOKUP(B97,code!$F$1:$G$39,2,FALSE),"") -> 18 | D97: 李彩霞 | E97: =IF(F97="男","Male",IF(F97="女", "Female", "")) -> Female | F97: 女 | G97: 46 | H97: 2022-1-13 | I97: =IFERROR(DATEVALUE(H97),H97) -> 44574 | J97: =MAX(P97,R97,T97) -> 44568 | K97: =_xlfn.IFNA(VLOOKUP(D97,code!F:G,1,FALSE),"") | L97: 3 | M97: =Q97&"_"&S97&"_"&U97 -> 北京生物_北京生物_兰州生物 | N97: =VLOOKUP(M97,code!A:B,2,FALSE) -> PPP | O97: =VLOOKUP(M97,code!A:C,3,FALSE) -> N | P97: 44299 | Q97: 北京生物 | R97: 44346 | S97: 北京生物 | T97: 44568 | U97: 兰州生物
A98: 1985 | B98: 梁泳欣 | C98: =IFERROR(VLOOKUP(B98,code!$F$1:$G$39,2,FALSE),"") -> 2 | D98: 蔡一铭 | E98: =IF(F98="男","Male",IF(F98="女", "Female", "")) -> Male | F98: 男 | G98: 10 | H98: 44573 | I98: =IFERROR(DATEVALUE(H98),H98) -> 44573 | J98: =MAX(P98,R98,T98) -> 44536 | K98: =_xlfn.IFNA(VLOOKUP(D98,code!F:G,1,FALSE),"") | L98: 2 | M98: =Q98&"_"&S98&"_"&U98 -> 成都生物_兰州生物_ | N98: =VLOOKUP(M98,code!A:B,2,FALSE) -> PP | O98: =VLOOKUP(M98,code!A:C,3,FALSE) -> N | P98: 44507 | Q98: 成都生物 | R98: 44536 | S98: 兰州生物
A99: 1760 | B99: 杨君毅 | C99: =IFERROR(VLOOKUP(B99,code!$F$1:$G$39,2,FALSE),"") -> 19 | D99: 伍思钊 | E99: =IF(F99="男","Male",IF(F99="女", "Female", "")) -> Male | F99: 男 | G99: 37 | H99: 44576 | I99: =IFERROR(DATEVALUE(H99),H99) -> 44576 | J99: =MAX(P99,R99,T99) -> 44573 | K99: =_xlfn.IFNA(VLOOKUP(D99,code!F:G,1,FALSE),"") | L99: 3 | M99: =Q99&"_"&S99&"_"&U99 -> 北京生物_兰州生物_兰州生物 | N99: =VLOOKUP(M99,code!A:B,2,FALSE) -> PPP | O99: =VLOOKUP(M99,code!A:C,3,FALSE) -> N | P99: 44354 | Q99: 北京生物 | R99: 44376 | S99: 兰州生物 | T99: 44573 | U99: 兰州生物
A100: 1761 | B100: 杨君毅 | C100: =IFERROR(VLOOKUP(B100,code!$F$1:$G$39,2,FALSE),"") -> 19 | D100: 张秋菊 | E100: =IF(F100="男","Male",IF(F100="女", "Female", "")) -> Female | F100: 女 | G100: 36 | H100: 44576 | I100: =IFERROR(DATEVALUE(H100),H100) -> 44576 | J100: =MAX(P100,R100,T100) -> 44573 | K100: =_xlfn.IFNA(VLOOKUP(D100,code!F:G,1,FALSE),"") | L100: 3 | M100: =Q100&"_"&S100&"_"&U100 -> 北京生物_兰州生物_兰州生物 | N100: =VLOOKUP(M100,code!A:B,2,FALSE) -> PPP | O100: =VLOOKUP(M100,code!A:C,3,FALSE) -> N | P100: 44354 | Q100: 北京生物 | R100: 44376 | S100: 兰州生物 | T100: 44573 | U100: 兰州生物
...

Sheet code
A1: name | B1: code | C1: mix | F1: name | G1: code
A2: __成都生物 | B2: __P | C2: N | F2: 杨宏 | G2: 1 | H2: =VLOOKUP(F2,Sheet2!D:D,1,FALSE) -> #N/A
A3: __兰州生物 | B3: __P | C3: N | F3: 梁泳欣 | G3: 2 | H3: =VLOOKUP(F3,Sheet2!D:D,1,FALSE) -> 梁泳欣
A4: _北京生物_ | B4: _P_ | C4: N | F4: 焦贤英 | G4: 3 | H4: =VLOOKUP(F4,Sheet2!D:D,1,FALSE) -> #N/A
A5: _兰州生物_ | B5: _P_ | C5: N | F5: 梁桂雄 | G5: 4 | H5: =VLOOKUP(F5,Sheet2!D:D,1,FALSE) -> #N/A
A6: _北京科兴中维_ | B6: _V_ | C6: N | F6: 冯小如 | G6: 5 | H6: =VLOOKUP(F6,Sheet2!D:D,1,FALSE) -> #N/A
A7: _北京科兴中维_科兴（大连） | B7: _VV | C7: N | F7: 梁心悠 | G7: 6 | H7: =VLOOKUP(F7,Sheet2!D:D,1,FALSE) -> #N/A
A8: 康希诺生物__ | B8: A | C8: N | F8: 梁泽熙 | G8: 7 | H8: =VLOOKUP(F8,Sheet2!D:D,1,FALSE) -> #N/A
A9: 康希诺生物_康希诺生物_ | B9: AA | C9: N | F9: 闫冰 | G9: 8 | H9: =VLOOKUP(F9,Sheet2!D:D,1,FALSE) -> 闫冰
A10: 深圳康泰_深圳康泰_ | B10: KK | C10: N | F10: 莫月群 | G10: 9 | H10: =VLOOKUP(F10,Sheet2!D:D,1,FALSE) -> 莫月群
A11: 北京生物__ | B11: P | C11: N | F11: 谢米诺 | G11: 10 | H11: =VLOOKUP(F11,Sheet2!D:D,1,FALSE) -> 谢米诺
A12: 成都生物__ | B12: P | C12: N | F12: 李源 | G12: 11 | H12: =VLOOKUP(F12,Sheet2!D:D,1,FALSE) -> 李源
A13: 兰州生物__ | B13: P | C13: N | F13: 莫谏妹 | G13: 12 | H13: =VLOOKUP(F13,Sheet2!D:D,1,FALSE) -> #N/A
... A39: 成都生物__成都生物 | B39: PPP | C39: N | F39: 罗佳琦 | G39: 39 | H39: =VLOOKUP(F39,Sheet2!D:D,1,FALSE) -> 罗佳琦
A40: 成都生物_北京生物_兰州生物 | B40: PPP | C40: N
A41: 成都生物_兰州生物_兰州生物 | B41: PPP | C41: N
A42: 成都生物_长春生物_兰州生物 | B42: PPP | C42: N
A43: 兰州生物_北京生物_成都生物 | B43: PPP | C43: N
A44: 兰州生物_成都生物_兰州生物 | B44: PPP | C44: N
A45: 武汉生物_北京生物_成都生物 | B45: PPP | C45: N
A46: 武汉生物_北京生物_兰州生物 | B46: PPP | C46: N
A47: 武汉生物_武汉生物_兰州生物 | B47: PPP | C47: N
A48: 长春生物_北京生物_兰州生物 | B48: PPP | C48: N
A49: 长春生物_长春生物_兰州生物 | B49: PPP | C49: N
A50: 北京生物_北京生物_北京科兴 | B50: PPV | C50: Y
A51: 北京生物_北京生物_北京科兴中维 | B51: PPV | C51: Y
... A103: 安徽智飞_安徽智飞_安徽智飞 | B103: CCC | C103: N
A104: __

Sheet Sheet 1
A1: id | B1: age | C1: gender | D1: vaccine | E1: vaccine_type | F1: vaccine_mix | G1: outcome | H1: vaccinelastdate | I1: lastexposedate | J1: id_cases
A2: 1 | B2: 37 | C2: Female | D2: 1 | E2: PP | F2: N | G2: 0 | H2: 44559 | I2: 44569 | J2: 1
A3: 2 | B3: 9 | C3: Female | D3: 2 | E3: PP | F3: N | G3: 0 | H3: 44536 | I3: 44569 | J3: 1
A4: 3 | B4: 66 | C4: Female | D4: 2 | E4: VV | F4: N | G4: 0 | H4: 44458 | I4: 44569 | J4: 1
A5: 4 | B5: 40 | C5: Female | D5: 3 | E5: VVV | F5: N | G5: 0 | H5: 44525 | I5: 44569 | J5: 1
A6: 5 | B6: 43 | C6: Male | D6: 3 | E6: VVV | F6: N | G6: 0 | H6: 44528 | I6: 44569 | J6: 1
A7: 6 | B7: 4 | C7: Female | D7: 0 | E7: P | F7: N | G7: 0 | H7: 44564 | I7: 44574 | J7: 1
A8: 7 | B8: 32 | C8: Female | D8: 2 | E8: PP | F8: N | G8: 0 | H8: 44376 | I8: 44569 | J8: 1
A9: 8 | B9: 30 | C9: Female | D9: 3 | E9: PVV | F9: Y | G9: 0 | H9: 44530 | I9: 44569 | J9: 1
A10: 9 | B10: 17 | C10: Female | D10: 2 | E10: PP | F10: N | G10: 0 | H10: 44432 | I10: 44569 | J10: 1
A11: 10 | B11: 21 | C11: Female | D11: 2 | E11: PP | F11: N | G11: 0 | H11: 44347 | I11: 44569 | J11: 1
A12: 11 | B12: 31 | C12: Male | D12: 2 | E12: PPP | F12: N | G12: 0 | H12: 44564 | I12: 44569 | J12: 1
A13: 12 | B13: 49 | C13: Male | D13: 0 | G13: 0 | I13: 44569 | J13: 1
A14: 13 | B14: 8 | C14: Male | D14: 2 | E14: PP | F14: N | G14: 0 | H14: 44536 | I14: 44569 | J14: 1
A15: 14 | B15: 5 | C15: Male | D15: 1 | E15: P | F15: N | G15: 0 | H15: 44520 | I15: 44574 | J15: 1
A16: 15 | B16: 4 | C16: Female | D16: 0 | G16: 0 | I16: 44574 | J16: 1
A17: 16 | B17: 66 | C17: Male | D17: 2 | E17: VV | F17: N | G17: 0 | H17: 44437 | I17: 44569 | J17: 1
A18: 17 | B18: 67 | C18: Female | D18: 2 | E18: VV | F18: N | G18: 0 | H18: 44451 | I18: 44569 | J18: 1
A19: 18 | B19: 36 | C19: Female | D19: 3 | E19: VPP | F19: Y | G19: 0 | H19: 44540 | I19: 44569 | J19: 1
A20: 19 | B20: 21 | C20: Female | D20: 3 | E20: VVV | F20: N | G20: 0 | H20: 44534 | I20: 44571 | J20: 1
A21: 20 | B21: 73 | C21: Male | D21: 0 | G21: 0 | I21: 44569 | J21: 1
A22: 21 | B22: 8 | C22: Male | D22: 2 | E22: PP | F22: N | G22: 0 | H22: 44540 | I22: 44569 | J22: 1
A23: 22 | B23: 25 | C23: Male | D23: 2 | E23: A | F23: N | G23: 0 | H23: 44365 | I23: 44569 | J23: 1
A24: 23 | B24: 50 | C24: Male | D24: 2 | E24: VV | F24: N | G24: 0 | H24: 44452 | I24: 44569 | J24: 1
A25: 24 | B25: 65 | C25: Male | D25: 2 | E25: VV | F25: N | G25: 0 | H25: 44455 | I25: 44569 | J25: 1
A26: 25 | B26: 23 | C26: Male | D26: 2 | E26: VV | F26: N | G26: 0 | H26: 44432 | I26: 44569 | J26: 1
A27: 26 | B27: 28 | C27: Female | D27: 3 | E27: PPP | F27: N | G27: 0 | H27: 44535 | I27: 44569 | J27: 1
A28: 27 | B28: 46 | C28: Female | D28: 0 | G28: 0 | I28: 44569 | J28: 1
A29: 28 | B29: 71 | C29: Female | D29: 2 | E29: VV | F29: N | G29: 0 | H29: 44414 | I29: 44569 | J29: 1
A30: 29 | B30: 34 | C30: Female | D30: 1 | E30: PP | F30: N | G30: 0 | H30: 44574 | I30: 44569 | J30: 1
A31: 30 | B31: 40 | C31: Male | D31: 2 | E31: VV | F31: N | G31: 0 | H31: 44475 | I31: 44569 | J31: 1
A32: 31 | B32: 12 | C32: Male | D32: 2 | E32: PP | F32: N | G32: 0 | H32: 44531 | I32: 44569 | J32: 1
A33: 32 | B33: 73 | C33: Male | D33: 2 | E33: VV | F33: N | G33: 0 | H33: 44418 | I33: 44569 | J33: 1
A34: 33 | B34: 22 | C34: Male | D34: 1 | E34: VV | F34: N | G34: 0 | H34: 44569 | I34: 44569 | J34: 1
A35: 34 | B35: 69 | C35: Male | D35: 2 | E35: VV | F35: N | G35: 0 | H35: 44425 | I35: 44569 | J35: 1
A36: 35 | B36: 67 | C36: Male | D36: 2 | E36: PP | F36: N | G36: 0 | H36: 44541 | I36: 44569 | J36: 1
A37: 36 | B37: 37 | C37: Male | D37: 3 | E37: VVV | F37: N | G37: 0 | H37: 44534 | I37: 44569 | J37: 1
A38: 37 | B38: 21 | C38: Female | D38: 3 | E38: PPP | F38: N | G38: 0 | H38: 44531 | I38: 44569 | J38: 1
A39: 38 | B39: 40 | C39: Male | D39: 2 | E39: VP | F39: Y | G39: 0 | H39: 44430 | I39: 44569 | J39: 1
A40: 39 | B40: 48 | C40: Female | D40: 3 | E40: VVV | F40: N | G40: 0 | H40: 44534 | I40: 44569 | J40: 1
A41: 40 | B41: 44 | C41: Female | D41: 2 | E41: VV | F41: N | G41: 0 | H41: 44345 | I41: 44569 | J41: 1
A42: 41 | B42: 4 | C42: Male | D42: 0 | G42: 0 | J42: 1
A43: 42 | B43: 23 | C43: Male | D43: 3 | E43: VVV | F43: N | G43: 0 | H43: 44552 | I43: 44569 | J43: 1
A44: 43 | B44: 25 | C44: Male | D44: 0 | G44: 0 | I44: 44569 | J44: 1
A45: 44 | B45: 31 | C45: Female | D45: 3 | E45: VVV | F45: N | G45: 0 | H45: 44529 | I45: 44569 | J45: 1
A46: 45 | B46: 55 | C46: Male | D46: 3 | E46: PPP | F46: N | G46: 0 | H46: 44549 | I46: 44574 | J46: 1
A47: 46 | B47: 15 | C47: Male | D47: 2 | E47: PP | F47: N | G47: 0 | H47: 44436 | I47: 44569 | J47: 1
A48: 47 | B48: 60 | C48: Male | D48: 0 | G48: 0 | I48: 44569 | J48: 1
A49: 48 | B49: 75 | C49: Male | D49: 2 | E49: VV | F49: N | G49: 0 | H49: 44410 | I49: 44569 | J49: 1
A50: 49 | B50: 36 | C50: Female | D50: 2 | E50: VV | F50: N | G50: 0 | H50: 44441 | I50: 44569 | J50: 1
A51: 50 | B51: 61 | C51: Female | D51: 0 | G51: 0 | I51: 44569 | J51: 1
A52: 51 | B52: 70 | C52: Female | D52: 0 | G52: 0 | I52: 44569 | J52: 1
A53: 52 | B53: 61 | C53: Male | D53: 0 | G53: 0 | I53: 44569 | J53: 1
A54: 53 | B54: 40 | C54: Male | D54: 2 | E54: VV | F54: N | G54: 0 | H54: 44258 | I54: 44569 | J54: 1
A55: 54 | B55: 19 | C55: Male | D55: 0 | G55: 0 | I55: 44569 | J55: 1
A56: 55 | B56: 36 | C56: Male | D56: 3 | E56: PPP | F56: N | G56: 0 | H56: 44535 | I56: 44569 | J56: 1
A57: 56 | B57: 28 | C57: Male | D57: 3 | E57: PPP | F57: N | G57: 0 | H57: 44523 | I57: 44569 | J57: 1
A58: 57 | B58: 23 | C58: Male | D58: 2 | E58: VP | F58: Y | G58: 0 | H58: 44349 | I58: 44569 | J58: 1
A59: 58 | B59: 21 | C59: Female | D59: 0 | G59: 0 | I59: 44569 | J59: 1
A60: 59 | B60: 36 | C60: Female | D60: 3 | E60: PPP | F60: N | G60: 0 | H60: 44536 | I60: 44569 | J60: 1
A61: 60 | B61: 27 | C61: Female | D61: 3 | E61: VPP | F61: Y | G61: 0 | H61: 44533 | I61: 44569 | J61: 1
A62: 61 | B62: 25 | C62: Female | D62: 2 | E62: PP | F62: N | G62: 0 | H62: 44333 | I62: 44569 | J62: 1
A63: 62 | B63: 20 | C63: Male | D63: 3 | E63: PPP | F63: N | G63: 0 | H63: 44544 | I63: 44569 | J63: 1
A64: 63 | B64: 83 | C64: Female | D64: 0 | G64: 0 | I64: 44569 | J64: 1
A65: 64 | B65: 59 | C65: Male | D65: 0 | E65: P | F65: N | G65: 0 | H65: 44569 | I65: 44569 | J65: 1
A66: 65 | B66: 23 | C66: Female | D66: 2 | E66: PV | F66: Y | G66: 0 | H66: 44420 | I66: 44569 | J66: 1
A67: 66 | B67: 46 | C67: Male | D67: 2 | E67: PPP | F67: N | G67: 0 | H67: 44570 | I67: 44569 | J67: 1
A68: 67 | B68: 36 | C68: Female | D68: 2 | E68: PP | F68: N | G68: 0 | H68: 44332 | I68: 44569 | J68: 1
A69: 68 | B69: 35 | C69: Female | D69: 3 | E69: VVV | F69: N | G69: 0 | H69: 44525 | I69: 44569 | J69: 1
A70: 69 | B70: 44 | C70: Female | D70: 3 | E70: PPP | F70: N | G70: 0 | H70: 44517 | I70: 44569 | J70: 1
A71: 70 | B71: 69 | C71: Female | D71: 2 | E71: VV | F71: N | G71: 0 | H71: 44418 | I71: 44569 | J71: 1
A72: 71 | B72: 22 | C72: Male | D72: 2 | E72: VV | F72: N | G72: 0 | H72: 44422 | I72: 44569 | J72: 1
A73: 72 | B73: 68 | C73: Male | D73: 2 | E73: VV | F73: N | G73: 0 | H73: 44413 | I73: 44569 | J73: 1
A74: 73 | B74: 28 | C74: Female | D74: 2 | E74: VV | F74: N | G74: 0 | H74: 44343 | I74: 44569 | J74: 1
A75: 74 | B75: 21 | C75: Male | D75: 0 | G75: 0 | I75: 44569 | J75: 1
A76: 75 | B76: 38 | C76: Male | D76: 2 | E76: VP | F76: Y | G76: 0 | H76: 44374 | I76: 44569 | J76: 1
A77: 76 | B77: 27 | C77: Male | D77: 3 | E77: VVV | F77: N | G77: 0 | H77: 44548 | I77: 44569 | J77: 1
A78: 77 | B78: 19 | C78: Female | D78: 2 | E78: PV | F78: Y | G78: 0 | H78: 44428 | I78: 44569 | J78: 1
A79: 78 | B79: 26 | C79: Female | D79: 0 | G79: 0 | I79: 44569 | J79: 1
A80: 79 | B80: 5 | C80: Male | D80: 1 | E80: P | F80: N | G80: 0 | H80: 44513 | I80: 44574 | J80: 1
A81: 80 | B81: 44 | C81: Male | D81: 2 | E81: KK | F81: N | G81: 0 | H81: 44444 | I81: 44569 | J81: 1
A82: 81 | B82: 22 | C82: Male | D82: 3 | E82: VPP | F82: Y | G82: 0 | H82: 44548 | J82: 1
A83: 82 | B83: 65 | C83: Male | D83: 0 | G83: 0 | I83: 44569 | J83: 1
A84: 83 | B84: 66 | C84: Male | D84: 2 | E84: PV | F84: Y | G84: 0 | H84: 44420 | I84: 44569 | J84: 1
A85: 84 | B85: 55 | C85: Male | D85: 3 | E85: PPP | F85: N | G85: 0 | H85: 44535 | I85: 44569 | J85: 1
A86: 85 | B86: 35 | C86: Female | D86: 3 | E86: PPP | F86: N | G86: 0 | H86: 44528 | I86: 44569 | J86: 1
A87: 86 | B87: 46 | C87: Female | D87: 2 | E87: PPP | F87: N | G87: 0 | H87: 44557 | I87: 44569 | J87: 1
A88: 87 | B88: 50 | C88: Female | D88: 2 | E88: VV | F88: N | G88: 0 | H88: 44444 | I88: 44569 | J88: 1
A89: 88 | B89: 51 | C89: Female | D89: 3 | E89: PPP | F89: N | G89: 0 | H89: 44540 | I89: 44569 | J89: 1
A90: 89 | B90: 28 | C90: Female | D90: 2 | E90: VV | F90: N | G90: 0 | H90: 44424 | I90: 44569 | J90: 1
A91: 90 | B91: 32 | C91: Female | D91: 2 | E91: PP | F91: N | G91: 0 | H91: 44336 | I91: 44569 | J91: 1
A92: 91 | B92: 40 | C92: Female | D92: 3 | E92: VVV | F92: N | G92: 0 | H92: 44528 | I92: 44569 | J92: 1
A93: 92 | B93: 46 | C93: Female | D93: 3 | E93: PPP | F93: N | G93: 0 | H93: 44528 | I93: 44569 | J93: 1
A94: 93 | B94: 43 | C94: Female | D94: 3 | E94: VVP | F94: Y | G94: 0 | H94: 44532 | I94: 44569 | J94: 1
A95: 94 | B95: 21 | C95: Female | D95: 2 | E95: PV | F95: Y | G95: 0 | H95: 44393 | I95: 44569 | J95: 1
A96: 95 | B96: 70 | C96: Female | D96: 0 | G96: 0 | I96: 44569 | J96: 1
A97: 96 | B97: 18 | C97: Male | D97: 2 | E97: PV | F97: Y | G97: 0 | H97: 44428 | I97: 44569 | J97: 1
A98: 97 | B98: 62 | C98: Male | D98: 2 | E98: VV | F98: N | G98: 0 | H98: 44440 | I98: 44569 | J98: 1
A99: 98 | B99: 32 | C99: Male | D99: 3 | E99: PPP | F99: N | G99: 0 | H99: 44539 | I99: 44569 | J99: 1
A100: 99 | B100: 38 | C100: Male | D100: 3 | E100: PPP | F100: N | G100: 0 | H100: 44531 | I100: 44569 | J100: 1
...

Sheet Sheet 1 (2)
A1: id | B1: name | D1: age | E1: gender | F1: vaccine | G1: vaccine_type | H1: vaccine_mix | I1: outcome | J1: vaccinelastdate | K1: lastexposedate | L1: id_cases
A2: 1 | B2: 顾小莉 | D2: 37 | E2: Female | F2: 1 | G2: PP | H2: N | I2: 0 | J2: 44559 | K2: 44569 | L2: 1
A3: 2 | B3: 郜嘉琪 | D3: 9 | E3: Female | F3: 2 | G3: PP | H3: N | I3: 0 | J3: 44536 | K3: 44569 | L3: 1
A4: 3 | B4: 董芝荣 | D4: 66 | E4: Female | F4: 2 | G4: VV | H4: N | I4: 0 | J4: 44458 | K4: 44569 | L4: 1
A5: 4 | B5: 袁琴 | D5: 40 | E5: Female | F5: 3 | G5: VVV | H5: N | I5: 0 | J5: 44525 | K5: 44569 | L5: 1
A6: 5 | B6: 张定国 | D6: 43 | E6: Male | F6: 3 | G6: VVV | H6: N | I6: 0 | J6: 44528 | K6: 44569 | L6: 1
A7: 6 | B7: 刘亦雯 | D7: 4 | E7: Female | F7: 0 | G7: P | H7: N | I7: 0 | J7: 44564 | K7: 44574 | L7: 1
A8: 783 | B8: 鲍玮琪 | D8: 8 | E8: Female | F8: 2 | G8: PP | H8: N | I8: 0 | J8: 44539 | K8: 44573 | L8: 11
A9: 8 | B9: 刘勋美 | D9: 30 | E9: Female | F9: 3 | G9: PVV | H9: Y | I9: 0 | J9: 44530 | K9: 44569 | L9: 1
A10: 9 | B10: 李丽珍 | D10: 17 | E10: Female | F10: 2 | G10: PP | H10: N | I10: 0 | J10: 44432 | K10: 44569 | L10: 1
A11: 10 | B11: 廖燕雯 | D11: 21 | E11: Female | F11: 2 | G11: PP | H11: N | I11: 0 | J11: 44347 | K11: 44569 | L11: 1
A12: 11 | B12: 朱红星 | D12: 31 | E12: Male | F12: 2 | G12: PPP | H12: N | I12: 0 | J12: 44564 | K12: 44569 | L12: 1
A13: 12 | B13: 唐祥培 | D13: 49 | E13: Male | F13: 0 | I13: 0 | K13: 44569 | L13: 1
A14: 13 | B14: 朱泽曦 | D14: 8 | E14: Male | F14: 2 | G14: PP | H14: N | I14: 0 | J14: 44536 | K14: 44569 | L14: 1
A15: 14 | B15: 陈彦君 | D15: 5 | E15: Male | F15: 1 | G15: P | H15: N | I15: 0 | J15: 44520 | K15: 44574 | L15: 1
A16: 15 | B16: 李雨阳 | D16: 4 | E16: Female | F16: 0 | I16: 0 | K16: 44574 | L16: 1
A17: 16 | B17: 曾群枝 | D17: 66 | E17: Male | F17: 2 | G17: VV | H17: N | I17: 0 | J17: 44437 | K17: 44569 | L17: 1
A18: 17 | B18: 林永球 | D18: 67 | E18: Female | F18: 2 | G18: VV | H18: N | I18: 0 | J18: 44451 | K18: 44569 | L18: 1
A19: 18 | B19: 任方琴 | D19: 36 | E19: Female | F19: 3 | G19: VPP | H19: Y | I19: 0 | J19: 44540 | K19: 44569 | L19: 1
A20: 19 | B20: 李文秀 | D20: 21 | E20: Female | F20: 3 | G20: VVV | H20: N | I20: 0 | J20: 44534 | K20: 44571 | L20: 1
A21: 20 | B21: 唐治平 | D21: 73 | E21: Male | F21: 0 | I21: 0 | K21: 44569 | L21: 1
A22: 21 | B22: 龙柏均 | D22: 8 | E22: Male | F22: 2 | G22: PP | H22: N | I22: 0 | J22: 44540 | K22: 44569 | L22: 1
A23: 22 | B23: 陈丽明 | D23: 25 | E23: Male | F23: 2 | G23: A | H23: N | I23: 0 | J23: 44365 | K23: 44569 | L23: 1
A24: 23 | B24: 许锦焕 | D24: 50 | E24: Male | F24: 2 | G24: VV | H24: N | I24: 0 | J24: 44452 | K24: 44569 | L24: 1
A25: 24 | B25: 滕才红 | D25: 65 | E25: Male | F25: 2 | G25: VV | H25: N | I25: 0 | J25: 44455 | K25: 44569 | L25: 1
A26: 25 | B26: 陶先朕 | D26: 23 | E26: Male | F26: 2 | G26: VV | H26: N | I26: 0 | J26: 44432 | K26: 44569 | L26: 1
A27: 26 | B27: 崔玮 | D27: 28 | E27: Female | F27: 3 | G27: PPP | H27: N | I27: 0 | J27: 44535 | K27: 44569 | L27: 1
A28: 27 | B28: 李芳芳 | D28: 46 | E28: Female | F28: 0 | I28: 0 | K28: 44569 | L28: 1
A29: 28 | B29: 林润连 | D29: 71 | E29: Female | F29: 2 | G29: VV | H29: N | I29: 0 | J29: 44414 | K29: 44569 | L29: 1
A30: 29 | B30: 黄巧玲 | D30: 34 | E30: Female | F30: 1 | G30: PP | H30: N | I30: 0 | J30: 44574 | K30: 44569 | L30: 1
A31: 30 | B31: 张发生 | D31: 40 | E31: Male | F31: 2 | G31: VV | H31: N | I31: 0 | J31: 44475 | K31: 44569 | L31: 1
A32: 31 | B32: 严博腾 | D32: 12 | E32: Male | F32: 2 | G32: PP | H32: N | I32: 0 | J32: 44531 | K32: 44569 | L32: 1
A33: 32 | B33: 曾润发 | D33: 73 | E33: Male | F33: 2 | G33: VV | H33: N | I33: 0 | J33: 44418 | K33: 44569 | L33: 1
A34: 33 | B34: 宋小贤 | D34: 22 | E34: Male | F34: 1 | G34: VV | H34: N | I34: 0 | J34: 44569 | K34: 44569 | L34: 1
A35: 34 | B35: 李子杰 | D35: 69 | E35: Male | F35: 2 | G35: VV | H35: N | I35: 0 | J35: 44425 | K35: 44569 | L35: 1
A36: 35 | B36: 潘永祥 | D36: 67 | E36: Male | F36: 2 | G36: PP | H36: N | I36: 0 | J36: 44541 | K36: 44569 | L36: 1
A37: 36 | B37: 钟剑泉 | D37: 37 | E37: Male | F37: 3 | G37: VVV | H37: N | I37: 0 | J37: 44534 | K37: 44569 | L37: 1
A38: 37 | B38: 余春华 | D38: 21 | E38: Female | F38: 3 | G38: PPP | H38: N | I38: 0 | J38: 44531 | K38: 44569 | L38: 1
A39: 38 | B39: 李泽红 | D39: 40 | E39: Male | F39: 2 | G39: VP | H39: Y | I39: 0 | J39: 44430 | K39: 44569 | L39: 1
A40: 39 | B40: 谭群英 | D40: 48 | E40: Female | F40: 3 | G40: VVV | H40: N | I40: 0 | J40: 44534 | K40: 44569 | L40: 1
A41: 40 | B41: 谭瑞霞 | D41: 44 | E41: Female | F41: 2 | G41: VV | H41: N | I41: 0 | J41: 44345 | K41: 44569 | L41: 1
A42: 41 | B42: 林山智 | D42: 4 | E42: Male | F42: 0 | I42: 0 | L42: 1
A43: 42 | B43: 邢增超 | D43: 23 | E43: Male | F43: 3 | G43: VVV | H43: N | I43: 0 | J43: 44552 | K43: 44569 | L43: 1
A44: 43 | B44: 吴泳豪 | D44: 25 | E44: Male | F44: 0 | I44: 0 | K44: 44569 | L44: 1
A45: 44 | B45: 桂琪园 | D45: 31 | E45: Female | F45: 3 | G45: VVV | H45: N | I45: 0 | J45: 44529 | K45: 44569 | L45: 1
A46: 45 | B46: 邹洪涛 | D46: 55 | E46: Male | F46: 3 | G46: PPP | H46: N | I46: 0 | J46: 44549 | K46: 44574 | L46: 1
A47: 46 | B47: 冼树英 | D47: 15 | E47: Male | F47: 2 | G47: PP | H47: N | I47: 0 | J47: 44436 | K47: 44569 | L47: 1
A48: 47 | B48: 于石军 | D48: 60 | E48: Male | F48: 0 | I48: 0 | K48: 44569 | L48: 1
A49: 48 | B49: 邓朝捷 | D49: 75 | E49: Male | F49: 2 | G49: VV | H49: N | I49: 0 | J49: 44410 | K49: 44569 | L49: 1
A50: 49 | B50: 李亚辉 | D50: 36 | E50: Female | F50: 2 | G50: VV | H50: N | I50: 0 | J50: 44441 | K50: 44569 | L50: 1
A51: 50 | B51: 武莉 | D51: 61 | E51: Female | F51: 0 | I51: 0 | K51: 44569 | L51: 1
A52: 51 | B52: 丛淑芳 | D52: 70 | E52: Female | F52: 0 | I52: 0 | K52: 44569 | L52: 1
A53: 52 | B53: 丛长武 | D53: 61 | E53: Male | F53: 0 | I53: 0 | K53: 44569 | L53: 1
A54: 53 | B54: 邓成斌 | D54: 40 | E54: Male | F54: 2 | G54: VV | H54: N | I54: 0 | J54: 44258 | K54: 44569 | L54: 1
A55: 54 | B55: 张宇皓 | D55: 19 | E55: Male | F55: 0 | I55: 0 | K55: 44569 | L55: 1
A56: 55 | B56: 王宏焱 | D56: 36 | E56: Male | F56: 3 | G56: PPP | H56: N | I56: 0 | J56: 44535 | K56: 44569 | L56: 1
A57: 56 | B57: 唐素康 | D57: 28 | E57: Male | F57: 3 | G57: PPP | H57: N | I57: 0 | J57: 44523 | K57: 44569 | L57: 1
A58: 57 | B58: 赵倩颖 | D58: 23 | E58: Male | F58: 2 | G58: VP | H58: Y | I58: 0 | J58: 44349 | K58: 44569 | L58: 1
A59: 58 | B59: 李佳泽 | D59: 21 | E59: Female | F59: 0 | I59: 0 | K59: 44569 | L59: 1
A60: 59 | B60: 赵雨梦 | D60: 36 | E60: Female | F60: 3 | G60: PPP | H60: N | I60: 0 | J60: 44536 | K60: 44569 | L60: 1
A61: 60 | B61: 董嘉颖 | D61: 27 | E61: Female | F61: 3 | G61: VPP | H61: Y | I61: 0 | J61: 44533 | K61: 44569 | L61: 1
A62: 61 | B62: 冯采瑜 | D62: 25 | E62: Female | F62: 2 | G62: PP | H62: N | I62: 0 | J62: 44333 | K62: 44569 | L62: 1
A63: 62 | B63: 陈德森 | D63: 20 | E63: Male | F63: 3 | G63: PPP | H63: N | I63: 0 | J63: 44544 | K63: 44569 | L63: 1
A64: 63 | B64: 周延辉 | D64: 83 | E64: Female | F64: 0 | I64: 0 | K64: 44569 | L64: 1
A65: 64 | B65: 周容葵 | D65: 59 | E65: Male | F65: 0 | G65: P | H65: N | I65: 0 | J65: 44569 | K65: 44569 | L65: 1
A66: 65 | B66: 贾亚玲 | D66: 23 | E66: Female | F66: 2 | G66: PV | H66: Y | I66: 0 | J66: 44420 | K66: 44569 | L66: 1
A67: 66 | B67: 程双奎 | D67: 46 | E67: Male | F67: 2 | G67: PPP | H67: N | I67: 0 | J67: 44570 | K67: 44569 | L67: 1
A68: 67 | B68: 滕维聪 | D68: 36 | E68: Female | F68: 2 | G68: PP | H68: N | I68: 0 | J68: 44332 | K68: 44569 | L68: 1
A69: 68 | B69: 谭艳怡 | D69: 35 | E69: Female | F69: 3 | G69: VVV | H69: N | I69: 0 | J69: 44525 | K69: 44569 | L69: 1
A70: 69 | B70: 谭洪 | D70: 44 | E70: Female | F70: 3 | G70: PPP | H70: N | I70: 0 | J70: 44517 | K70: 44569 | L70: 1
A71: 70 | B71: 朱菊香 | D71: 69 | E71: Female | F71: 2 | G71: VV | H71: N | I71: 0 | J71: 44418 | K71: 44569 | L71: 1
A72: 71 | B72: 吴洁 | D72: 22 | E72: Male | F72: 2 | G72: VV | H72: N | I72: 0 | J72: 44422 | K72: 44569 | L72: 1
A73: 72 | B73: 李国货 | D73: 68 | E73: Male | F73: 2 | G73: VV | H73: N | I73: 0 | J73: 44413 | K73: 44569 | L73: 1
A74: 73 | B74: 周念慈 | D74: 28 | E74: Female | F74: 2 | G74: VV | H74: N | I74: 0 | J74: 44343 | K74: 44569 | L74: 1
A75: 74 | B75: 张衡 | D75: 21 | E75: Male | F75: 0 | I75: 0 | K75: 44569 | L75: 1
A76: 75 | B76: 余强 | D76: 38 | E76: Male | F76: 2 | G76: VP | H76: Y | I76: 0 | J76: 44374 | K76: 44569 | L76: 1
A77: 76 | B77: 赵天奇 | D77: 27 | E77: Male | F77: 3 | G77: VVV | H77: N | I77: 0 | J77: 44548 | K77: 44569 | L77: 1
A78: 77 | B78: 林颖贤 | D78: 19 | E78: Female | F78: 2 | G78: PV | H78: Y | I78: 0 | J78: 44428 | K78: 44569 | L78: 1
A79: 78 | B79: 张诗羚 | D79: 26 | E79: Female | F79: 0 | I79: 0 | K79: 44569 | L79: 1
A80: 79 | B80: 刘志豪 | D80: 5 | E80: Male | F80: 1 | G80: P | H80: N | I80: 0 | J80: 44513 | K80: 44574 | L80: 1
A81: 80 | B81: 李兴义 | D81: 44 | E81: Male | F81: 2 | G81: KK | H81: N | I81: 0 | J81: 44444 | K81: 44569 | L81: 1
A82: 81 | B82: 张文滔 | D82: 22 | E82: Male | F82: 3 | G82: VPP | H82: Y | I82: 0 | J82: 44548 | L82: 1
A83: 82 | B83: 徐生宝 | D83: 65 | E83: Male | F83: 0 | I83: 0 | K83: 44569 | L83: 1
A84: 83 | B84: 王庆瑞 | D84: 66 | E84: Male | F84: 2 | G84: PV | H84: Y | I84: 0 | J84: 44420 | K84: 44569 | L84: 1
A85: 84 | B85: 李青 | D85: 55 | E85: Male | F85: 3 | G85: PPP | H85: N | I85: 0 | J85: 44535 | K85: 44569 | L85: 1
A86: 85 | B86: 钟海麟 | D86: 35 | E86: Female | F86: 3 | G86: PPP | H86: N | I86: 0 | J86: 44528 | K86: 44569 | L86: 1
A87: 86 | B87: 李美华 | D87: 46 | E87: Female | F87: 2 | G87: PPP | H87: N | I87: 0 | J87: 44557 | K87: 44569 | L87: 1
A88: 87 | B88: 陈业梅 | D88: 50 | E88: Female | F88: 2 | G88: VV | H88: N | I88: 0 | J88: 44444 | K88: 44569 | L88: 1
A89: 88 | B89: 曾玉珊 | D89: 51 | E89: Female | F89: 3 | G89: PPP | H89: N | I89: 0 | J89: 44540 | K89: 44569 | L89: 1
A90: 89 | B90: 丘慧娴 | D90: 28 | E90: Female | F90: 2 | G90: VV | H90: N | I90: 0 | J90: 44424 | K90: 44569 | L90: 1
A91: 90 | B91: 林清凤 | D91: 32 | E91: Female | F91: 2 | G91: PP | H91: N | I91: 0 | J91: 44336 | K91: 44569 | L91: 1
A92: 91 | B92: 梁广美 | D92: 40 | E92: Female | F92: 3 | G92: VVV | H92: N | I92: 0 | J92: 44528 | K92: 44569 | L92: 1
A93: 92 | B93: 郑伟 | D93: 46 | E93: Female | F93: 3 | G93: PPP | H93: N | I93: 0 | J93: 44528 | K93: 44569 | L93: 1
A94: 93 | B94: 赵艳桃 | D94: 43 | E94: Female | F94: 3 | G94: VVP | H94: Y | I94: 0 | J94: 44532 | K94: 44569 | L94: 1
A95: 94 | B95: 林敏 | D95: 21 | E95: Female | F95: 2 | G95: PV | H95: Y | I95: 0 | J95: 44393 | K95: 44569 | L95: 1
A96: 95 | B96: 唐洁琼 | D96: 70 | E96: Female | F96: 0 | I96: 0 | K96: 44569 | L96: 1
A97: 96 | B97: 周子和 | D97: 18 | E97: Male | F97: 2 | G97: PV | H97: Y | I97: 0 | J97: 44428 | K97: 44569 | L97: 1
A98: 97 | B98: 汪星羽 | D98: 62 | E98: Male | F98: 2 | G98: VV | H98: N | I98: 0 | J98: 44440 | K98: 44569 | L98: 1
A99: 98 | B99: 乔学文 | D99: 32 | E99: Male | F99: 3 | G99: PPP | H99: N | I99: 0 | J99: 44539 | K99: 44569 | L99: 1
A100: 99 | B100: 徐思远 | D100: 38 | E100: Male | F100: 3 | G100: PPP | H100: N | I100: 0 | J100: 44531 | K100: 44569 | L100: 1
...
